0.015625,0.125,0.25,0.375,0.5,0.625,0.75,0.875,0.109375,0.234375,0.359375,0.484375,0.609375,0.734375,0.859375,0.984375,0.359375,0.78125,41.93393218045537
0.015625,0.125,0.25,0.375,0.5,0.625,0.75,0.875,0.109375,0.234375,0.359375,0.484375,0.609375,0.78125,0.859375,0.984375,0.5,0.625,37.55644477590684
0.015625,0.125,0.25,0.375,0.625,0.625,0.75,0.875,0.109375,0.234375,0.359375,0.484375,0.609375,0.78125,0.859375,0.984375,0.78125,0.65625,39.91644125190035
0.015625,0.125,0.25,0.375,0.625,0.625,0.75,0.875,0.109375,0.234375,0.65625,0.484375,0.609375,0.65625,0.859375,0.984375,0.65625,0.53125,64.13005813857154
0.015625,0.125,0.25,0.375,0.625,0.625,0.75,0.875,0.109375,0.234375,0.65625,0.484375,0.609375,0.53125,0.859375,0.984375,0.25,0.375,42.88875123479323
0.015625,0.125,0.375,0.375,0.625,0.625,0.75,0.875,0.109375,0.234375,0.65625,0.484375,0.609375,0.53125,0.859375,0.984375,0.484375,0.359375,42.24089949376565
0.015625,0.125,0.375,0.375,0.625,0.625,0.75,0.875,0.109375,0.234375,0.65625,0.359375,0.609375,0.53125,0.859375,0.984375,0.625,0.75,75.92096737526643
0.015625,0.125,0.375,0.375,0.625,0.75,0.75,0.875,0.109375,0.234375,0.65625,0.359375,0.609375,0.53125,0.859375,0.984375,0.859375,0.734375,-83.19412703440295
0.015625,0.125,0.375,0.375,0.625,0.75,0.75,0.875,0.109375,0.234375,0.65625,0.359375,0.609375,0.53125,0.734375,0.984375,0.375,0.5,-45.23858236833174
0.015625,0.125,0.5,0.375,0.625,0.75,0.75,0.875,0.109375,0.234375,0.65625,0.359375,0.609375,0.53125,0.734375,0.984375,0.609375,0.484375,0.6246240367385525
0.015625,0.125,0.5,0.375,0.625,0.75,0.75,0.875,0.109375,0.234375,0.65625,0.359375,0.484375,0.53125,0.734375,0.984375,0.625,0.75,-32.87861117870471
0.015625,0.125,0.5,0.375,0.75,0.75,0.75,0.875,0.109375,0.234375,0.65625,0.359375,0.484375,0.53125,0.734375,0.984375,0.734375,0.609375,-55.00311659732388
0.015625,0.125,0.5,0.375,0.75,0.75,0.75,0.875,0.109375,0.234375,0.65625,0.359375,0.484375,0.53125,0.609375,0.984375,0.375,0.5,-14.239066831568636
0.015625,0.125,0.5,0.5,0.75,0.75,0.75,0.875,0.109375,0.234375,0.65625,0.359375,0.484375,0.53125,0.609375,0.984375,0.484375,0.359375,79.61161659944929
0.015625,0.125,0.5,0.5,0.75,0.75,0.75,0.875,0.109375,0.234375,0.65625,0.359375,0.359375,0.53125,0.609375,0.984375,0.359375,0.234375,85.17494559525824
0.015625,0.125,0.5,0.5,0.75,0.75,0.75,0.875,0.109375,0.234375,0.65625,0.234375,0.234375,0.53125,0.609375,0.984375,0.234375,0.34375,-63.45697455234565
0.015625,0.125,0.5,0.5,0.75,0.75,0.75,0.875,0.109375,0.234375,0.65625,0.34375,0.34375,0.53125,0.609375,0.984375,0.34375,0.203125,7.459609974628307
0.015625,0.125,0.5,0.5,0.75,0.75,0.75,0.875,0.109375,0.234375,0.65625,0.203125,0.203125,0.53125,0.609375,0.984375,0.5,0.625,-40.71550675208192
0.015625,0.125,0.5,0.625,0.75,0.75,0.75,0.875,0.109375,0.234375,0.65625,0.203125,0.203125,0.53125,0.609375,0.984375,0.53125,0.40625,-71.32057560272654
0.015625,0.125,0.5,0.625,0.75,0.75,0.75,0.875,0.109375,0.234375,0.40625,0.203125,0.203125,0.40625,0.609375,0.984375,0.40625,0.28125,35.19150363612741
0.015625,0.125,0.5,0.625,0.75,0.75,0.75,0.875,0.109375,0.234375,0.40625,0.203125,0.203125,0.28125,0.609375,0.984375,0.015625,0.140625,14.539514333151487
0.140625,0.125,0.5,0.625,0.75,0.75,0.75,0.875,0.109375,0.234375,0.40625,0.203125,0.203125,0.28125,0.609375,0.984375,0.140625,0.265625,45.92994863664347
0.265625,0.125,0.5,0.625,0.75,0.75,0.75,0.875,0.109375,0.234375,0.40625,0.203125,0.203125,0.28125,0.609375,0.984375,0.265625,0.390625,-85.25546131776164
0.390625,0.125,0.5,0.625,0.75,0.75,0.75,0.875,0.109375,0.234375,0.40625,0.203125,0.203125,0.28125,0.609375,0.984375,0.609375,0.484375,47.04084201919909
0.390625,0.125,0.5,0.625,0.75,0.75,0.75,0.875,0.109375,0.484375,0.40625,0.203125,0.203125,0.28125,0.484375,0.984375,0.484375,0.359375,-62.99578728613133
0.390625,0.125,0.5,0.625,0.75,0.75,0.75,0.875,0.109375,0.484375,0.40625,0.203125,0.203125,0.28125,0.359375,0.984375,0.75,0.890625,-34.89709363295289
0.390625,0.125,0.5,0.625,0.75,0.75,0.75,0.875,0.109375,0.359375,0.40625,0.203125,0.203125,0.28125,0.359375,0.984375,0.359375,0.234375,13.69906305649316
0.390625,0.125,0.5,0.625,0.75,0.75,0.75,0.875,0.109375,0.234375,0.40625,0.203125,0.203125,0.28125,0.234375,0.984375,0.234375,0.46875,-16.170585256212064
0.390625,0.125,0.5,0.625,0.75,0.75,0.75,0.875,0.109375,0.234375,0.40625,0.203125,0.203125,0.28125,0.46875,0.984375,0.125,0.25,22.783693248574536
0.390625,0.25,0.5,0.625,0.75,0.75,0.75,0.875,0.109375,0.234375,0.40625,0.203125,0.203125,0.28125,0.46875,0.984375,0.40625,0.265625,-67.53320929182117
0.390625,0.25,0.5,0.625,0.75,0.75,0.75,0.875,0.109375,0.234375,0.265625,0.203125,0.203125,0.28125,0.46875,0.984375,0.625,0.75,17.17606441771636
0.390625,0.25,0.5,0.75,0.75,0.75,0.75,0.875,0.109375,0.234375,0.265625,0.203125,0.203125,0.28125,0.46875,0.984375,0.46875,0.34375,78.82333374291608
0.390625,0.25,0.5,0.75,0.75,0.75,0.75,0.875,0.109375,0.34375,0.265625,0.203125,0.203125,0.28125,0.34375,0.984375,0.34375,0.21875,57.8204374158571
0.390625,0.25,0.5,0.75,0.75,0.75,0.75,0.875,0.109375,0.21875,0.265625,0.203125,0.203125,0.28125,0.21875,0.984375,0.21875,0.359375,11.96375702455687
0.390625,0.25,0.5,0.75,0.75,0.75,0.75,0.875,0.109375,0.21875,0.265625,0.203125,0.203125,0.28125,0.359375,0.984375,0.75,0.890625,-59.45881980354612
0.390625,0.25,0.5,0.75,0.75,0.75,0.75,0.875,0.109375,0.359375,0.265625,0.203125,0.203125,0.28125,0.359375,0.984375,0.359375,0.328125,86.93776907008328
0.390625,0.25,0.5,0.75,0.75,0.75,0.75,0.875,0.109375,0.328125,0.265625,0.203125,0.203125,0.28125,0.328125,0.984375,0.328125,0.1875,-31.99013146825854
0.390625,0.25,0.5,0.75,0.75,0.75,0.75,0.875,0.109375,0.328125,0.265625,0.203125,0.203125,0.28125,0.1875,0.984375,0.75,0.890625,-64.18986195458956
0.390625,0.25,0.5,0.75,0.75,0.75,0.75,0.875,0.109375,0.1875,0.265625,0.203125,0.203125,0.28125,0.1875,0.984375,0.1875,0.046875,89.47659462961684
0.390625,0.25,0.5,0.75,0.75,0.75,0.75,0.875,0.109375,0.1875,0.265625,0.203125,0.203125,0.28125,0.1875,0.984375,0.75,0.765625,-40.270658149564035
0.390625,0.25,0.5,0.765625,0.75,0.75,0.75,0.875,0.109375,0.1875,0.265625,0.203125,0.203125,0.28125,0.1875,0.984375,0.984375,0.859375,12.778430247505383
0.390625,0.25,0.5,0.765625,0.75,0.75,0.75,0.875,0.109375,0.1875,0.265625,0.203125,0.203125,0.28125,0.1875,0.859375,0.25,0.375,-1.1212860840783776
0.390625,0.375,0.5,0.765625,0.75,0.75,0.75,0.875,0.109375,0.1875,0.265625,0.203125,0.203125,0.28125,0.1875,0.859375,0.203125,0.078125,27.5059131072247
0.390625,0.375,0.5,0.765625,0.75,0.75,0.75,0.875,0.109375,0.1875,0.265625,0.203125,0.203125,0.28125,0.1875,0.859375,0.375,0.5,-51.97353309221997
0.390625,0.5,0.5,0.765625,0.75,0.75,0.75,0.875,0.109375,0.1875,0.265625,0.203125,0.203125,0.28125,0.1875,0.859375,0.203125,0.078125,53.61785657735885
0.390625,0.5,0.5,0.765625,0.75,0.75,0.75,0.875,0.109375,0.1875,0.265625,0.203125,0.203125,0.28125,0.1875,0.859375,0.5,0.625,11.220902324425282
0.390625,0.625,0.5,0.765625,0.75,0.75,0.75,0.875,0.109375,0.1875,0.265625,0.203125,0.203125,0.28125,0.1875,0.859375,0.28125,0.140625,6.342982894736878
0.390625,0.625,0.5,0.765625,0.75,0.75,0.75,0.875,0.109375,0.1875,0.265625,0.203125,0.203125,0.140625,0.1875,0.859375,0.390625,0.53125,70.21814708243392
0.53125,0.625,0.5,0.765625,0.75,0.75,0.75,0.875,0.109375,0.1875,0.265625,0.203125,0.203125,0.140625,0.1875,0.859375,0.265625,0.125,-57.44581848128554
0.53125,0.625,0.5,0.765625,0.75,0.75,0.75,0.875,0.109375,0.1875,0.125,0.203125,0.203125,0.140625,0.1875,0.859375,0.625,0.75,100.0
0.53125,0.75,0.5,0.765625,0.75,0.75,0.75,0.875,0.109375,0.1875,0.125,0.203125,0.203125,0.140625,0.1875,0.859375,0.1875,0.078125,100.0
0.53125,0.75,0.5,0.765625,0.75,0.75,0.75,0.875,0.109375,0.1875,0.125,0.203125,0.203125,0.140625,0.1875,0.859375,0.1875,0.046875,100.0
0.53125,0.75,0.5,0.765625,0.75,0.75,0.75,0.875,0.109375,0.1875,0.125,0.203125,0.203125,0.140625,0.1875,0.859375,0.75,0.765625,100.0
0.53125,0.765625,0.5,0.765625,0.75,0.75,0.75,0.875,0.109375,0.1875,0.125,0.203125,0.203125,0.140625,0.1875,0.859375,0.859375,0.734375,100.0
0.53125,0.765625,0.5,0.765625,0.75,0.75,0.75,0.875,0.109375,0.1875,0.125,0.203125,0.203125,0.140625,0.1875,0.734375,0.5,0.625,100.0
0.53125,0.765625,0.625,0.765625,0.75,0.75,0.75,0.875,0.109375,0.1875,0.125,0.203125,0.203125,0.140625,0.1875,0.734375,0.140625,0.03125,100.0
0.53125,0.765625,0.625,0.765625,0.75,0.75,0.75,0.875,0.109375,0.1875,0.125,0.203125,0.203125,0.140625,0.1875,0.734375,0.140625,0.0,100.0
0.53125,0.765625,0.625,0.765625,0.75,0.75,0.75,0.875,0.109375,0.1875,0.125,0.203125,0.203125,0.140625,0.1875,0.734375,0.625,0.75,100.0
0.53125,0.765625,0.75,0.765625,0.75,0.75,0.75,0.875,0.109375,0.1875,0.125,0.203125,0.203125,0.140625,0.1875,0.734375,0.1875,0.0625,100.0
0.53125,0.765625,0.75,0.765625,0.75,0.75,0.75,0.875,0.109375,0.1875,0.125,0.203125,0.203125,0.140625,0.1875,0.734375,0.1875,0.078125,100.0
0.53125,0.765625,0.75,0.765625,0.75,0.75,0.75,0.875,0.109375,0.1875,0.125,0.203125,0.203125,0.140625,0.1875,0.734375,0.1875,0.046875,100.0
0.53125,0.765625,0.75,0.765625,0.75,0.75,0.75,0.875,0.734375,0.1875,0.125,0.203125,0.203125,0.140625,0.1875,0.734375,0.734375,0.609375,100.0
0.53125,0.765625,0.75,0.765625,0.75,0.75,0.75,0.875,0.734375,0.1875,0.125,0.203125,0.203125,0.140625,0.1875,0.609375,0.765625,0.890625,100.0
0.53125,0.765625,0.75,0.765625,0.75,0.75,0.75,0.875,0.734375,0.1875,0.125,0.203125,0.203125,0.140625,0.1875,0.609375,0.765625,0.90625,100.0
0.53125,0.765625,0.75,0.765625,0.75,0.75,0.75,0.875,0.734375,0.1875,0.125,0.203125,0.203125,0.140625,0.1875,0.609375,0.765625,0.875,100.0
0.53125,0.765625,0.75,0.765625,0.75,0.75,0.75,0.875,0.609375,0.1875,0.125,0.203125,0.203125,0.140625,0.1875,0.609375,0.609375,0.484375,100.0
0.53125,0.765625,0.75,0.765625,0.75,0.75,0.75,0.875,0.609375,0.1875,0.125,0.203125,0.203125,0.140625,0.1875,0.484375,0.75,0.875,100.0
0.53125,0.765625,0.75,0.765625,0.75,0.75,0.75,0.875,0.609375,0.1875,0.125,0.203125,0.203125,0.140625,0.1875,0.484375,0.75,0.890625,100.0
0.53125,0.765625,0.75,0.765625,0.75,0.75,0.75,0.875,0.484375,0.1875,0.125,0.203125,0.203125,0.140625,0.1875,0.484375,0.484375,0.359375,100.0
0.53125,0.765625,0.75,0.765625,0.75,0.75,0.75,0.875,0.484375,0.1875,0.125,0.203125,0.203125,0.140625,0.1875,0.359375,0.75,0.875,100.0
0.53125,0.765625,0.75,0.765625,0.75,0.75,0.75,0.875,0.484375,0.1875,0.125,0.203125,0.203125,0.140625,0.1875,0.359375,0.75,0.890625,100.0
0.53125,0.765625,0.75,0.765625,0.75,0.75,0.75,0.875,0.359375,0.1875,0.125,0.203125,0.203125,0.140625,0.1875,0.359375,0.359375,0.234375,100.0
0.53125,0.765625,0.75,0.765625,0.75,0.75,0.75,0.875,0.359375,0.1875,0.125,0.203125,0.203125,0.140625,0.1875,0.234375,0.75,0.875,100.0
0.53125,0.765625,0.75,0.765625,0.75,0.75,0.75,0.875,0.234375,0.1875,0.125,0.203125,0.203125,0.140625,0.1875,0.234375,0.234375,0.71875,100.0
0.53125,0.765625,0.75,0.765625,0.75,0.75,0.75,0.875,0.234375,0.1875,0.125,0.203125,0.203125,0.140625,0.1875,0.71875,0.765625,0.90625,100.0
0.53125,0.765625,0.75,0.765625,0.75,0.75,0.75,0.875,0.234375,0.1875,0.125,0.203125,0.203125,0.140625,0.1875,0.71875,0.765625,0.875,100.0
0.53125,0.765625,0.75,0.765625,0.75,0.75,0.75,0.875,0.71875,0.1875,0.125,0.203125,0.203125,0.140625,0.1875,0.71875,0.71875,0.578125,100.0
0.53125,0.765625,0.75,0.765625,0.75,0.75,0.75,0.875,0.71875,0.1875,0.125,0.203125,0.203125,0.140625,0.1875,0.578125,0.75,0.875,100.0
0.53125,0.765625,0.75,0.765625,0.75,0.75,0.75,0.875,0.71875,0.1875,0.125,0.203125,0.203125,0.140625,0.1875,0.578125,0.75,0.890625,100.0
0.53125,0.765625,0.75,0.765625,0.75,0.75,0.75,0.875,0.578125,0.1875,0.125,0.203125,0.203125,0.140625,0.1875,0.578125,0.578125,0.4375,100.0
0.53125,0.765625,0.75,0.765625,0.75,0.75,0.75,0.875,0.4375,0.1875,0.125,0.203125,0.203125,0.140625,0.1875,0.4375,0.4375,0.296875,100.0
0.53125,0.765625,0.75,0.765625,0.75,0.75,0.75,0.875,0.4375,0.1875,0.125,0.203125,0.203125,0.140625,0.1875,0.296875,0.765625,0.890625,100.0
0.53125,0.765625,0.75,0.765625,0.75,0.75,0.75,0.875,0.4375,0.1875,0.125,0.203125,0.203125,0.140625,0.1875,0.296875,0.765625,0.90625,100.0
0.53125,0.765625,0.75,0.765625,0.75,0.75,0.75,0.875,0.4375,0.1875,0.125,0.203125,0.203125,0.140625,0.1875,0.296875,0.765625,0.875,100.0
0.53125,0.765625,0.75,0.765625,0.75,0.75,0.75,0.875,0.296875,0.1875,0.125,0.203125,0.203125,0.140625,0.1875,0.296875,0.296875,0.15625,100.0
0.53125,0.765625,0.75,0.765625,0.75,0.75,0.75,0.875,0.296875,0.1875,0.125,0.203125,0.203125,0.140625,0.1875,0.15625,0.765625,0.890625,100.0
0.53125,0.765625,0.75,0.765625,0.75,0.75,0.75,0.875,0.296875,0.1875,0.125,0.203125,0.203125,0.140625,0.1875,0.15625,0.765625,0.90625,100.0
0.53125,0.765625,0.75,0.765625,0.75,0.75,0.75,0.875,0.296875,0.1875,0.125,0.203125,0.203125,0.140625,0.1875,0.15625,0.765625,0.875,100.0
0.53125,0.765625,0.75,0.765625,0.75,0.75,0.75,0.875,0.15625,0.1875,0.125,0.203125,0.203125,0.140625,0.1875,0.15625,0.765625,0.90625,100.0
0.53125,0.765625,0.75,0.765625,0.75,0.75,0.75,0.875,0.15625,0.1875,0.125,0.203125,0.203125,0.125,0.1875,0.15625,0.53125,0.671875,100.0
0.671875,0.765625,0.75,0.765625,0.75,0.75,0.75,0.875,0.15625,0.1875,0.125,0.203125,0.203125,0.125,0.1875,0.15625,0.1875,0.0625,100.0
0.671875,0.765625,0.75,0.765625,0.75,0.75,0.75,0.875,0.15625,0.1875,0.125,0.203125,0.203125,0.125,0.1875,0.15625,0.1875,0.078125,100.0
0.671875,0.765625,0.75,0.765625,0.75,0.75,0.75,0.875,0.15625,0.1875,0.125,0.203125,0.203125,0.125,0.1875,0.15625,0.1875,0.046875,100.0
0.671875,0.765625,0.75,0.765625,0.75,0.75,0.75,0.875,0.15625,0.1875,0.125,0.203125,0.203125,0.125,0.1875,0.15625,0.671875,0.8125,100.0
0.8125,0.765625,0.75,0.765625,0.75,0.75,0.75,0.875,0.15625,0.1875,0.125,0.203125,0.203125,0.125,0.1875,0.15625,0.125,0.0,100.0
0.8125,0.765625,0.75,0.765625,0.75,0.75,0.75,0.875,0.15625,0.1875,0.125,0.203125,0.203125,0.125,0.1875,0.15625,0.8125,0.953125,100.0
0.8125,0.765625,0.75,0.765625,0.75,0.75,0.75,0.875,0.15625,0.1875,0.125,0.203125,0.203125,0.125,0.1875,0.15625,0.8125,0.5,100.0
0.5,0.765625,0.75,0.765625,0.75,0.75,0.75,0.875,0.15625,0.1875,0.125,0.203125,0.203125,0.125,0.1875,0.15625,0.203125,0.078125,100.0
0.5,0.765625,0.75,0.765625,0.75,0.75,0.75,0.875,0.15625,0.1875,0.125,0.203125,0.203125,0.125,0.1875,0.15625,0.125,0.0,100.0
0.5,0.765625,0.75,0.765625,0.75,0.75,0.75,0.875,0.15625,0.1875,0.125,0.203125,0.203125,0.125,0.1875,0.15625,0.765625,0.75,100.0
0.5,0.75,0.75,0.765625,0.75,0.75,0.75,0.875,0.15625,0.1875,0.125,0.203125,0.203125,0.125,0.1875,0.15625,0.1875,0.078125,100.0
0.5,0.75,0.75,0.765625,0.75,0.75,0.75,0.875,0.15625,0.1875,0.125,0.203125,0.203125,0.125,0.1875,0.15625,0.1875,0.046875,100.0
0.5,0.75,0.75,0.765625,0.75,0.75,0.75,0.875,0.15625,0.1875,0.125,0.203125,0.203125,0.125,0.1875,0.15625,0.75,0.390625,100.0
0.5,0.390625,0.75,0.765625,0.75,0.75,0.75,0.875,0.15625,0.1875,0.125,0.203125,0.203125,0.125,0.1875,0.15625,0.1875,0.078125,100.0
0.5,0.390625,0.75,0.765625,0.75,0.75,0.75,0.875,0.15625,0.1875,0.125,0.203125,0.203125,0.125,0.1875,0.15625,0.1875,0.046875,100.0
0.5,0.390625,0.75,0.765625,0.75,0.75,0.75,0.875,0.15625,0.1875,0.125,0.203125,0.203125,0.125,0.1875,0.15625,0.390625,0.53125,100.0
0.5,0.53125,0.75,0.765625,0.75,0.75,0.75,0.875,0.15625,0.1875,0.125,0.203125,0.203125,0.125,0.1875,0.15625,0.125,0.0,100.0
0.5,0.53125,0.75,0.765625,0.75,0.75,0.75,0.875,0.15625,0.1875,0.125,0.203125,0.203125,0.125,0.1875,0.15625,0.53125,0.671875,100.0
0.5,0.671875,0.75,0.765625,0.75,0.75,0.75,0.875,0.15625,0.1875,0.125,0.203125,0.203125,0.125,0.1875,0.15625,0.1875,0.078125,100.0
0.5,0.671875,0.75,0.765625,0.75,0.75,0.75,0.875,0.15625,0.1875,0.125,0.203125,0.203125,0.125,0.1875,0.15625,0.1875,0.046875,100.0
0.5,0.671875,0.75,0.765625,0.75,0.75,0.75,0.875,0.15625,0.1875,0.125,0.203125,0.203125,0.125,0.1875,0.15625,0.671875,0.8125,100.0
0.5,0.8125,0.75,0.765625,0.75,0.75,0.75,0.875,0.15625,0.1875,0.125,0.203125,0.203125,0.125,0.1875,0.15625,0.125,0.0,100.0
0.5,0.8125,0.75,0.765625,0.75,0.75,0.75,0.875,0.15625,0.1875,0.125,0.203125,0.203125,0.125,0.1875,0.15625,0.8125,0.953125,100.0
0.5,0.8125,0.75,0.765625,0.75,0.75,0.75,0.875,0.15625,0.1875,0.125,0.203125,0.203125,0.125,0.1875,0.15625,0.15625,0.734375,100.0
0.5,0.8125,0.75,0.765625,0.75,0.75,0.75,0.875,0.15625,0.1875,0.125,0.203125,0.203125,0.125,0.1875,0.734375,0.75,0.875,100.0
0.5,0.8125,0.75,0.765625,0.75,0.75,0.75,0.875,0.15625,0.1875,0.125,0.203125,0.203125,0.125,0.1875,0.734375,0.75,0.890625,100.0
0.5,0.8125,0.75,0.765625,0.75,0.75,0.75,0.875,0.734375,0.1875,0.125,0.203125,0.203125,0.125,0.1875,0.734375,0.734375,0.609375,100.0
0.5,0.8125,0.75,0.765625,0.75,0.75,0.75,0.875,0.734375,0.1875,0.125,0.203125,0.203125,0.125,0.1875,0.609375,0.765625,0.890625,100.0
0.5,0.8125,0.75,0.765625,0.75,0.75,0.75,0.875,0.734375,0.1875,0.125,0.203125,0.203125,0.125,0.1875,0.609375,0.765625,0.90625,100.0
0.5,0.8125,0.75,0.765625,0.75,0.75,0.75,0.875,0.734375,0.1875,0.125,0.203125,0.203125,0.125,0.1875,0.609375,0.765625,0.875,100.0
0.5,0.8125,0.75,0.765625,0.75,0.75,0.75,0.875,0.609375,0.1875,0.125,0.203125,0.203125,0.125,0.1875,0.609375,0.609375,0.484375,100.0
0.5,0.8125,0.75,0.765625,0.75,0.75,0.75,0.875,0.609375,0.1875,0.125,0.203125,0.203125,0.125,0.1875,0.484375,0.75,0.875,100.0
0.5,0.8125,0.75,0.765625,0.75,0.75,0.75,0.875,0.609375,0.1875,0.125,0.203125,0.203125,0.125,0.1875,0.484375,0.75,0.890625,100.0
0.5,0.8125,0.75,0.765625,0.75,0.75,0.75,0.875,0.484375,0.1875,0.125,0.203125,0.203125,0.125,0.1875,0.484375,0.484375,0.359375,100.0
0.5,0.8125,0.75,0.765625,0.75,0.75,0.75,0.875,0.484375,0.1875,0.125,0.203125,0.203125,0.125,0.1875,0.359375,0.75,0.875,100.0
0.5,0.8125,0.75,0.765625,0.75,0.75,0.75,0.875,0.484375,0.1875,0.125,0.203125,0.203125,0.125,0.1875,0.359375,0.75,0.890625,100.0
0.5,0.8125,0.75,0.765625,0.75,0.75,0.75,0.875,0.359375,0.1875,0.125,0.203125,0.203125,0.125,0.1875,0.359375,0.359375,0.234375,100.0
0.5,0.8125,0.75,0.765625,0.75,0.75,0.75,0.875,0.359375,0.1875,0.125,0.203125,0.203125,0.125,0.1875,0.234375,0.75,0.875,100.0
0.5,0.8125,0.75,0.765625,0.75,0.75,0.75,0.875,0.234375,0.1875,0.125,0.203125,0.203125,0.125,0.1875,0.234375,0.234375,0.84375,100.0
0.5,0.8125,0.75,0.765625,0.75,0.75,0.75,0.875,0.234375,0.1875,0.125,0.203125,0.203125,0.125,0.1875,0.84375,0.5,0.625,100.0
0.625,0.8125,0.75,0.765625,0.75,0.75,0.75,0.875,0.234375,0.1875,0.125,0.203125,0.203125,0.125,0.1875,0.84375,0.125,0.0,100.0
0.625,0.8125,0.75,0.765625,0.75,0.75,0.75,0.875,0.234375,0.1875,0.125,0.203125,0.203125,0.125,0.1875,0.84375,0.625,0.75,100.0
0.75,0.8125,0.75,0.765625,0.75,0.75,0.75,0.875,0.234375,0.1875,0.125,0.203125,0.203125,0.125,0.1875,0.84375,0.1875,0.0625,100.0
0.75,0.8125,0.75,0.765625,0.75,0.75,0.75,0.875,0.234375,0.1875,0.125,0.203125,0.203125,0.125,0.1875,0.84375,0.1875,0.078125,100.0
0.75,0.8125,0.75,0.765625,0.75,0.75,0.75,0.875,0.234375,0.1875,0.125,0.203125,0.203125,0.125,0.1875,0.84375,0.1875,0.046875,100.0
0.75,0.8125,0.75,0.765625,0.75,0.75,0.75,0.875,0.234375,0.1875,0.125,0.203125,0.203125,0.125,0.1875,0.84375,0.75,0.875,100.0
0.75,0.8125,0.75,0.765625,0.75,0.75,0.75,0.875,0.84375,0.1875,0.125,0.203125,0.203125,0.125,0.1875,0.84375,0.84375,0.703125,100.0
0.75,0.8125,0.75,0.765625,0.75,0.75,0.75,0.875,0.84375,0.1875,0.125,0.203125,0.203125,0.125,0.1875,0.703125,0.75,0.875,100.0
0.75,0.8125,0.75,0.765625,0.75,0.75,0.75,0.875,0.84375,0.1875,0.125,0.203125,0.203125,0.125,0.1875,0.703125,0.75,0.890625,100.0
0.75,0.8125,0.75,0.765625,0.75,0.75,0.75,0.875,0.703125,0.1875,0.125,0.203125,0.203125,0.125,0.1875,0.703125,0.703125,0.5625,100.0
0.75,0.8125,0.75,0.765625,0.75,0.75,0.75,0.875,0.703125,0.1875,0.125,0.203125,0.203125,0.125,0.1875,0.5625,0.75,0.875,100.0
0.75,0.8125,0.75,0.765625,0.75,0.75,0.75,0.875,0.703125,0.1875,0.125,0.203125,0.203125,0.125,0.1875,0.5625,0.75,0.890625,100.0
0.75,0.8125,0.75,0.765625,0.75,0.75,0.75,0.875,0.5625,0.1875,0.125,0.203125,0.203125,0.125,0.1875,0.5625,0.5625,0.421875,100.0
0.75,0.8125,0.75,0.765625,0.75,0.75,0.75,0.875,0.5625,0.1875,0.125,0.203125,0.203125,0.125,0.1875,0.421875,0.75,0.875,100.0
0.75,0.8125,0.75,0.765625,0.75,0.75,0.75,0.875,0.5625,0.1875,0.125,0.203125,0.203125,0.125,0.1875,0.421875,0.75,0.890625,100.0
0.75,0.8125,0.75,0.765625,0.75,0.75,0.75,0.875,0.421875,0.1875,0.125,0.203125,0.203125,0.125,0.1875,0.421875,0.765625,0.90625,100.0
0.75,0.8125,0.75,0.765625,0.75,0.75,0.75,0.875,0.421875,0.1875,0.125,0.203125,0.203125,0.125,0.1875,0.421875,0.125,0.125,100.0
0.75,0.8125,0.75,0.765625,0.75,0.75,0.75,0.875,0.421875,0.1875,0.125,0.203125,0.203125,0.125,0.1875,0.421875,0.8125,0.9375,100.0
0.75,0.8125,0.75,0.765625,0.75,0.75,0.75,0.875,0.421875,0.1875,0.125,0.203125,0.203125,0.125,0.1875,0.421875,0.8125,0.953125,100.0
0.75,0.8125,0.75,0.765625,0.75,0.75,0.75,0.875,0.421875,0.1875,0.125,0.203125,0.203125,0.125,0.1875,0.421875,0.8125,0.921875,100.0
0.75,0.8125,0.75,0.765625,0.75,0.75,0.75,0.875,0.421875,0.1875,0.125,0.203125,0.203125,0.125,0.1875,0.421875,0.8125,0.375,100.0
0.75,0.375,0.75,0.765625,0.75,0.75,0.75,0.875,0.421875,0.1875,0.125,0.203125,0.203125,0.125,0.1875,0.421875,0.203125,0.078125,100.0
0.75,0.375,0.75,0.765625,0.75,0.75,0.75,0.875,0.421875,0.1875,0.125,0.203125,0.203125,0.125,0.1875,0.421875,0.203125,0.0625,100.0
0.75,0.375,0.75,0.765625,0.75,0.75,0.75,0.875,0.421875,0.1875,0.125,0.203125,0.203125,0.125,0.1875,0.421875,0.375,0.5,100.0
0.75,0.5,0.75,0.765625,0.75,0.75,0.75,0.875,0.421875,0.1875,0.125,0.203125,0.203125,0.125,0.1875,0.421875,0.203125,0.078125,100.0
0.75,0.5,0.75,0.765625,0.75,0.75,0.75,0.875,0.421875,0.1875,0.125,0.203125,0.203125,0.125,0.1875,0.421875,0.5,0.625,100.0
0.75,0.625,0.75,0.765625,0.75,0.75,0.75,0.875,0.421875,0.1875,0.125,0.203125,0.203125,0.125,0.1875,0.421875,0.125,0.0,100.0
0.75,0.625,0.75,0.765625,0.75,0.75,0.75,0.875,0.421875,0.1875,0.125,0.203125,0.203125,0.125,0.1875,0.421875,0.625,0.75,100.0
0.75,0.75,0.75,0.765625,0.75,0.75,0.75,0.875,0.421875,0.1875,0.125,0.203125,0.203125,0.125,0.1875,0.421875,0.1875,0.0625,100.0
0.75,0.75,0.75,0.765625,0.75,0.75,0.75,0.875,0.421875,0.1875,0.125,0.203125,0.203125,0.125,0.1875,0.421875,0.1875,0.078125,100.0
0.75,0.75,0.75,0.765625,0.75,0.75,0.75,0.875,0.421875,0.1875,0.125,0.203125,0.203125,0.125,0.1875,0.421875,0.1875,0.046875,100.0
0.75,0.75,0.75,0.765625,0.75,0.75,0.75,0.875,0.421875,0.1875,0.125,0.203125,0.203125,0.125,0.1875,0.421875,0.75,0.265625,100.0
0.75,0.265625,0.75,0.765625,0.75,0.75,0.75,0.875,0.421875,0.1875,0.125,0.203125,0.203125,0.125,0.1875,0.421875,0.203125,0.078125,100.0
0.75,0.265625,0.75,0.765625,0.75,0.75,0.75,0.875,0.421875,0.1875,0.125,0.203125,0.203125,0.125,0.1875,0.421875,0.203125,0.0625,100.0
0.75,0.265625,0.75,0.765625,0.75,0.75,0.75,0.875,0.421875,0.1875,0.125,0.203125,0.203125,0.125,0.1875,0.421875,0.265625,0.40625,100.0
0.75,0.40625,0.75,0.765625,0.75,0.75,0.75,0.875,0.421875,0.1875,0.125,0.203125,0.203125,0.125,0.1875,0.421875,0.125,0.0,100.0
0.75,0.40625,0.75,0.765625,0.75,0.75,0.75,0.875,0.421875,0.1875,0.125,0.203125,0.203125,0.125,0.1875,0.421875,0.40625,0.546875,100.0
0.75,0.546875,0.75,0.765625,0.75,0.75,0.75,0.875,0.421875,0.1875,0.125,0.203125,0.203125,0.125,0.1875,0.421875,0.421875,0.296875,100.0
0.75,0.546875,0.75,0.765625,0.75,0.75,0.75,0.875,0.421875,0.1875,0.125,0.203125,0.203125,0.125,0.1875,0.296875,0.546875,0.671875,100.0
0.75,0.671875,0.75,0.765625,0.75,0.75,0.75,0.875,0.421875,0.1875,0.125,0.203125,0.203125,0.125,0.1875,0.296875,0.1875,0.0625,100.0
0.75,0.671875,0.75,0.765625,0.75,0.75,0.75,0.875,0.421875,0.1875,0.125,0.203125,0.203125,0.125,0.1875,0.296875,0.1875,0.078125,100.0
0.75,0.671875,0.75,0.765625,0.75,0.75,0.75,0.875,0.421875,0.1875,0.125,0.203125,0.203125,0.125,0.1875,0.296875,0.1875,0.046875,100.0
0.75,0.671875,0.75,0.765625,0.75,0.75,0.75,0.875,0.421875,0.1875,0.125,0.203125,0.203125,0.125,0.1875,0.296875,0.671875,0.796875,100.0
0.75,0.796875,0.75,0.765625,0.75,0.75,0.75,0.875,0.421875,0.1875,0.125,0.203125,0.203125,0.125,0.1875,0.296875,0.125,0.0,100.0
0.75,0.796875,0.75,0.765625,0.75,0.75,0.75,0.875,0.421875,0.1875,0.125,0.203125,0.203125,0.125,0.1875,0.296875,0.796875,0.921875,100.0
0.75,0.796875,0.75,0.765625,0.75,0.75,0.75,0.875,0.421875,0.1875,0.125,0.203125,0.203125,0.125,0.1875,0.296875,0.796875,0.6875,100.0
0.75,0.6875,0.75,0.765625,0.75,0.75,0.75,0.875,0.421875,0.1875,0.125,0.203125,0.203125,0.125,0.1875,0.296875,0.1875,0.0625,100.0
0.75,0.6875,0.75,0.765625,0.75,0.75,0.75,0.875,0.421875,0.1875,0.125,0.203125,0.203125,0.125,0.1875,0.296875,0.1875,0.078125,100.0
0.75,0.6875,0.75,0.765625,0.75,0.75,0.75,0.875,0.421875,0.1875,0.125,0.203125,0.203125,0.125,0.1875,0.296875,0.1875,0.046875,100.0
0.75,0.6875,0.75,0.765625,0.75,0.75,0.75,0.875,0.421875,0.1875,0.125,0.203125,0.203125,0.125,0.1875,0.296875,0.6875,0.828125,100.0
0.75,0.828125,0.75,0.765625,0.75,0.75,0.75,0.875,0.421875,0.1875,0.125,0.203125,0.203125,0.125,0.1875,0.296875,0.203125,0.078125,100.0
0.75,0.828125,0.75,0.765625,0.75,0.75,0.75,0.875,0.421875,0.1875,0.125,0.203125,0.203125,0.125,0.1875,0.296875,0.203125,0.0625,100.0
0.75,0.828125,0.75,0.765625,0.75,0.75,0.75,0.875,0.421875,0.1875,0.125,0.203125,0.203125,0.125,0.1875,0.296875,0.828125,0.96875,100.0
0.75,0.828125,0.75,0.765625,0.75,0.75,0.75,0.875,0.421875,0.1875,0.125,0.203125,0.203125,0.125,0.1875,0.296875,0.828125,0.65625,100.0
0.75,0.65625,0.75,0.765625,0.75,0.75,0.75,0.875,0.421875,0.1875,0.125,0.203125,0.203125,0.125,0.1875,0.296875,0.296875,0.171875,100.0
0.75,0.65625,0.75,0.765625,0.75,0.75,0.75,0.875,0.421875,0.1875,0.125,0.203125,0.203125,0.125,0.1875,0.171875,0.75,0.875,100.0
0.75,0.65625,0.75,0.765625,0.75,0.75,0.75,0.875,0.421875,0.1875,0.125,0.203125,0.203125,0.125,0.1875,0.171875,0.75,0.890625,100.0
0.75,0.65625,0.75,0.765625,0.75,0.75,0.75,0.875,0.171875,0.1875,0.125,0.203125,0.203125,0.125,0.1875,0.171875,0.171875,0.046875,100.0
0.75,0.65625,0.75,0.765625,0.75,0.75,0.75,0.875,0.171875,0.1875,0.125,0.203125,0.203125,0.125,0.1875,0.171875,0.171875,0.1875,100.0
0.75,0.65625,0.75,0.765625,0.75,0.75,0.75,0.875,0.171875,0.1875,0.125,0.203125,0.203125,0.125,0.1875,0.1875,0.75,0.875,100.0
0.75,0.65625,0.75,0.765625,0.75,0.75,0.75,0.875,0.171875,0.1875,0.125,0.203125,0.203125,0.125,0.1875,0.1875,0.75,0.890625,100.0
0.75,0.65625,0.75,0.765625,0.75,0.75,0.75,0.875,0.1875,0.1875,0.125,0.203125,0.203125,0.125,0.1875,0.1875,0.1875,0.078125,100.0
0.75,0.65625,0.75,0.765625,0.75,0.75,0.75,0.875,0.1875,0.1875,0.125,0.203125,0.203125,0.125,0.1875,0.1875,0.1875,0.15625,100.0
0.75,0.65625,0.75,0.765625,0.75,0.75,0.75,0.875,0.1875,0.1875,0.125,0.203125,0.203125,0.125,0.1875,0.15625,0.765625,0.890625,100.0
0.75,0.65625,0.75,0.765625,0.75,0.75,0.75,0.875,0.1875,0.1875,0.125,0.203125,0.203125,0.125,0.1875,0.15625,0.765625,0.90625,100.0
0.75,0.65625,0.75,0.765625,0.75,0.75,0.75,0.875,0.1875,0.1875,0.125,0.203125,0.203125,0.125,0.1875,0.15625,0.765625,0.875,100.0
0.75,0.65625,0.75,0.765625,0.75,0.75,0.75,0.875,0.15625,0.1875,0.125,0.203125,0.203125,0.125,0.1875,0.15625,0.65625,0.765625,100.0
0.75,0.765625,0.75,0.765625,0.75,0.75,0.75,0.875,0.15625,0.1875,0.125,0.203125,0.203125,0.125,0.1875,0.15625,0.15625,0.03125,100.0
0.75,0.765625,0.75,0.765625,0.75,0.75,0.75,0.875,0.15625,0.1875,0.125,0.203125,0.203125,0.125,0.1875,0.15625,0.15625,0.046875,100.0
0.75,0.765625,0.75,0.765625,0.75,0.75,0.75,0.875,0.15625,0.1875,0.125,0.203125,0.203125,0.125,0.1875,0.15625,0.765625,0.875,100.0
0.75,0.765625,0.75,0.765625,0.75,0.75,0.75,0.875,0.15625,0.1875,0.125,0.203125,0.203125,0.125,0.1875,0.15625,0.15625,0.171875,100.0
0.75,0.765625,0.75,0.765625,0.75,0.75,0.75,0.875,0.15625,0.1875,0.125,0.203125,0.203125,0.125,0.1875,0.171875,0.75,0.875,100.0
0.75,0.765625,0.75,0.765625,0.75,0.75,0.75,0.875,0.15625,0.1875,0.125,0.203125,0.203125,0.125,0.1875,0.171875,0.75,0.890625,100.0
0.75,0.765625,0.75,0.765625,0.75,0.75,0.75,0.875,0.171875,0.1875,0.125,0.203125,0.203125,0.125,0.1875,0.171875,0.171875,0.046875,100.0
0.75,0.765625,0.75,0.765625,0.75,0.75,0.75,0.875,0.171875,0.1875,0.125,0.203125,0.203125,0.125,0.1875,0.171875,0.171875,0.3125,100.0
0.75,0.765625,0.75,0.765625,0.75,0.75,0.75,0.875,0.171875,0.1875,0.125,0.203125,0.203125,0.125,0.1875,0.3125,0.75,0.875,100.0
0.75,0.765625,0.75,0.765625,0.75,0.75,0.75,0.875,0.171875,0.1875,0.125,0.203125,0.203125,0.125,0.1875,0.3125,0.75,0.890625,100.0
0.75,0.765625,0.75,0.765625,0.75,0.75,0.75,0.875,0.3125,0.1875,0.125,0.203125,0.203125,0.125,0.1875,0.3125,0.3125,0.203125,100.0
0.75,0.765625,0.75,0.765625,0.75,0.75,0.75,0.875,0.3125,0.1875,0.125,0.203125,0.203125,0.125,0.1875,0.203125,0.75,0.875,100.0
0.75,0.765625,0.75,0.765625,0.75,0.75,0.75,0.875,0.3125,0.1875,0.125,0.203125,0.203125,0.125,0.1875,0.203125,0.75,0.890625,100.0
0.75,0.765625,0.75,0.765625,0.75,0.75,0.75,0.875,0.203125,0.1875,0.125,0.203125,0.203125,0.125,0.1875,0.203125,0.203125,0.28125,100.0
0.75,0.765625,0.75,0.765625,0.75,0.75,0.75,0.875,0.203125,0.1875,0.125,0.203125,0.203125,0.125,0.1875,0.28125,0.75,0.875,100.0
0.75,0.765625,0.75,0.765625,0.75,0.75,0.75,0.875,0.203125,0.1875,0.125,0.203125,0.203125,0.125,0.1875,0.28125,0.75,0.890625,100.0
0.75,0.765625,0.75,0.765625,0.75,0.75,0.75,0.875,0.28125,0.1875,0.125,0.203125,0.203125,0.125,0.1875,0.28125,0.28125,0.140625,100.0
0.75,0.765625,0.75,0.765625,0.75,0.75,0.75,0.875,0.28125,0.1875,0.125,0.203125,0.203125,0.125,0.1875,0.140625,0.75,0.875,100.0
0.75,0.765625,0.75,0.765625,0.75,0.75,0.75,0.875,0.28125,0.1875,0.125,0.203125,0.203125,0.125,0.1875,0.140625,0.75,0.890625,100.0
0.75,0.765625,0.75,0.765625,0.75,0.75,0.75,0.875,0.140625,0.1875,0.125,0.203125,0.203125,0.125,0.1875,0.140625,0.140625,0.0,100.0
0.75,0.765625,0.75,0.765625,0.75,0.75,0.75,0.875,0.140625,0.1875,0.125,0.203125,0.203125,0.125,0.1875,0.140625,0.765625,0.6875,100.0
0.75,0.6875,0.75,0.765625,0.75,0.75,0.75,0.875,0.140625,0.1875,0.125,0.203125,0.203125,0.125,0.1875,0.140625,0.1875,0.0625,100.0
0.75,0.6875,0.75,0.765625,0.75,0.75,0.75,0.875,0.140625,0.1875,0.125,0.203125,0.203125,0.125,0.1875,0.140625,0.1875,0.078125,100.0
0.75,0.6875,0.75,0.765625,0.75,0.75,0.75,0.875,0.140625,0.1875,0.125,0.203125,0.203125,0.125,0.1875,0.140625,0.1875,0.046875,100.0
0.75,0.6875,0.75,0.765625,0.75,0.75,0.75,0.875,0.140625,0.1875,0.125,0.203125,0.203125,0.125,0.1875,0.140625,0.6875,0.828125,100.0
0.75,0.828125,0.75,0.765625,0.75,0.75,0.75,0.875,0.140625,0.1875,0.125,0.203125,0.203125,0.125,0.1875,0.140625,0.203125,0.078125,100.0
0.75,0.828125,0.75,0.765625,0.75,0.75,0.75,0.875,0.140625,0.1875,0.125,0.203125,0.203125,0.125,0.1875,0.140625,0.203125,0.0625,100.0
0.75,0.828125,0.75,0.765625,0.75,0.75,0.75,0.875,0.140625,0.1875,0.125,0.203125,0.203125,0.125,0.1875,0.140625,0.828125,0.96875,100.0
0.75,0.828125,0.75,0.765625,0.75,0.75,0.75,0.875,0.140625,0.1875,0.125,0.203125,0.203125,0.125,0.1875,0.140625,0.1875,0.328125,100.0
0.75,0.828125,0.75,0.765625,0.75,0.75,0.75,0.875,0.140625,0.328125,0.125,0.203125,0.203125,0.125,0.328125,0.140625,0.328125,0.1875,100.0
0.75,0.828125,0.75,0.765625,0.75,0.75,0.75,0.875,0.140625,0.328125,0.125,0.203125,0.203125,0.125,0.1875,0.140625,0.75,0.875,100.0
0.75,0.828125,0.75,0.765625,0.75,0.75,0.75,0.875,0.140625,0.328125,0.125,0.203125,0.203125,0.125,0.1875,0.140625,0.75,0.890625,100.0
0.75,0.828125,0.75,0.765625,0.75,0.75,0.75,0.875,0.140625,0.1875,0.125,0.203125,0.203125,0.125,0.1875,0.140625,0.1875,0.046875,100.0
0.75,0.828125,0.75,0.765625,0.75,0.75,0.75,0.875,0.140625,0.1875,0.125,0.203125,0.203125,0.125,0.1875,0.140625,0.75,0.515625,100.0
0.515625,0.828125,0.75,0.765625,0.75,0.75,0.75,0.875,0.140625,0.1875,0.125,0.203125,0.203125,0.125,0.1875,0.140625,0.1875,0.0625,100.0
0.515625,0.828125,0.75,0.765625,0.75,0.75,0.75,0.875,0.140625,0.1875,0.125,0.203125,0.203125,0.125,0.1875,0.140625,0.1875,0.078125,100.0
0.515625,0.828125,0.75,0.765625,0.75,0.75,0.75,0.875,0.140625,0.1875,0.125,0.203125,0.203125,0.125,0.1875,0.140625,0.1875,0.046875,100.0
0.515625,0.828125,0.75,0.765625,0.75,0.75,0.75,0.875,0.140625,0.1875,0.125,0.203125,0.203125,0.125,0.1875,0.140625,0.515625,0.15625,100.0
0.15625,0.828125,0.75,0.765625,0.75,0.75,0.75,0.875,0.140625,0.1875,0.125,0.203125,0.203125,0.125,0.1875,0.140625,0.203125,0.078125,100.0
0.15625,0.828125,0.75,0.765625,0.75,0.75,0.75,0.875,0.140625,0.1875,0.125,0.203125,0.203125,0.125,0.1875,0.140625,0.203125,0.0625,100.0
0.15625,0.828125,0.75,0.765625,0.75,0.75,0.75,0.875,0.140625,0.1875,0.125,0.203125,0.203125,0.125,0.1875,0.140625,0.125,0.15625,100.0
0.15625,0.828125,0.75,0.765625,0.75,0.75,0.75,0.875,0.140625,0.1875,0.125,0.203125,0.203125,0.15625,0.1875,0.140625,0.765625,0.890625,100.0
0.15625,0.828125,0.75,0.765625,0.75,0.75,0.75,0.875,0.140625,0.1875,0.125,0.203125,0.203125,0.15625,0.1875,0.140625,0.765625,0.90625,100.0
0.15625,0.828125,0.75,0.765625,0.75,0.75,0.75,0.875,0.140625,0.1875,0.125,0.203125,0.203125,0.15625,0.1875,0.140625,0.765625,0.875,100.0
0.15625,0.828125,0.75,0.765625,0.75,0.75,0.75,0.875,0.140625,0.1875,0.15625,0.203125,0.203125,0.15625,0.1875,0.140625,0.15625,0.03125,-83.20173364737425
0.15625,0.828125,0.75,0.765625,0.75,0.75,0.75,0.875,0.140625,0.1875,0.15625,0.203125,0.203125,0.15625,0.1875,0.140625,0.15625,0.421875,84.17016661678923
0.15625,0.828125,0.75,0.765625,0.75,0.75,0.75,0.875,0.140625,0.1875,0.15625,0.203125,0.203125,0.421875,0.1875,0.140625,0.15625,0.28125,32.60087938372871
0.28125,0.828125,0.75,0.765625,0.75,0.75,0.75,0.875,0.140625,0.1875,0.15625,0.203125,0.203125,0.421875,0.1875,0.140625,0.140625,0.015625,85.31538773205577
0.28125,0.828125,0.75,0.765625,0.75,0.75,0.75,0.875,0.140625,0.1875,0.15625,0.203125,0.203125,0.421875,0.1875,0.140625,0.140625,0.03125,-36.0657187978262
0.28125,0.828125,0.75,0.765625,0.75,0.75,0.75,0.875,0.140625,0.1875,0.15625,0.203125,0.203125,0.421875,0.1875,0.140625,0.140625,0.0,-41.70068665371321
0.28125,0.828125,0.75,0.765625,0.75,0.75,0.75,0.875,0.140625,0.1875,0.15625,0.203125,0.203125,0.421875,0.1875,0.140625,0.28125,0.40625,19.686986407743674
0.40625,0.828125,0.75,0.765625,0.75,0.75,0.75,0.875,0.140625,0.1875,0.15625,0.203125,0.203125,0.421875,0.1875,0.140625,0.421875,0.3125,71.87152412869384
0.40625,0.828125,0.75,0.765625,0.75,0.75,0.75,0.875,0.140625,0.1875,0.15625,0.203125,0.203125,0.3125,0.1875,0.140625,0.75,0.875,43.563563579655266
0.40625,0.828125,0.75,0.765625,0.75,0.75,0.75,0.875,0.140625,0.1875,0.15625,0.203125,0.203125,0.3125,0.1875,0.140625,0.75,0.890625,18.141420072489836
0.40625,0.828125,0.75,0.765625,0.75,0.75,0.75,0.875,0.140625,0.1875,0.3125,0.203125,0.203125,0.3125,0.1875,0.140625,0.3125,0.203125,-72.99314854716467
0.40625,0.828125,0.75,0.765625,0.75,0.75,0.75,0.875,0.140625,0.1875,0.3125,0.203125,0.203125,0.203125,0.1875,0.140625,0.75,0.875,53.05652743080128
0.40625,0.828125,0.75,0.765625,0.75,0.75,0.75,0.875,0.140625,0.1875,0.3125,0.203125,0.203125,0.203125,0.1875,0.140625,0.75,0.890625,-24.952716967230046
0.40625,0.828125,0.75,0.765625,0.75,0.75,0.75,0.875,0.140625,0.1875,0.203125,0.203125,0.203125,0.203125,0.1875,0.140625,0.203125,0.28125,-77.99158277769891
0.40625,0.828125,0.75,0.765625,0.75,0.75,0.75,0.875,0.140625,0.1875,0.203125,0.203125,0.203125,0.28125,0.1875,0.140625,0.40625,0.53125,26.691185196625213
0.53125,0.828125,0.75,0.765625,0.75,0.75,0.75,0.875,0.140625,0.1875,0.203125,0.203125,0.203125,0.28125,0.1875,0.140625,0.203125,0.078125,-23.859116187265315
0.53125,0.828125,0.75,0.765625,0.75,0.75,0.75,0.875,0.140625,0.1875,0.203125,0.203125,0.203125,0.28125,0.1875,0.140625,0.203125,0.0625,76.13980840536553
0.53125,0.828125,0.75,0.765625,0.75,0.75,0.75,0.875,0.140625,0.1875,0.203125,0.203125,0.203125,0.28125,0.1875,0.140625,0.53125,0.65625,56.99339948115585
0.65625,0.828125,0.75,0.765625,0.75,0.75,0.75,0.875,0.140625,0.1875,0.203125,0.203125,0.203125,0.28125,0.1875,0.140625,0.140625,0.015625,-63.00138973780379
0.65625,0.828125,0.75,0.765625,0.75,0.75,0.75,0.875,0.140625,0.1875,0.203125,0.203125,0.203125,0.28125,0.1875,0.140625,0.140625,0.03125,74.50964529430331
0.65625,0.828125,0.75,0.765625,0.75,0.75,0.75,0.875,0.140625,0.1875,0.203125,0.203125,0.203125,0.28125,0.1875,0.140625,0.140625,0.0,63.63310595427953
0.65625,0.828125,0.75,0.765625,0.75,0.75,0.75,0.875,0.140625,0.1875,0.203125,0.203125,0.203125,0.28125,0.1875,0.140625,0.65625,0.78125,75.02311250788753
0.78125,0.828125,0.75,0.765625,0.75,0.75,0.75,0.875,0.140625,0.1875,0.203125,0.203125,0.203125,0.28125,0.1875,0.140625,0.203125,0.078125,-49.04249101227576
0.78125,0.828125,0.75,0.765625,0.75,0.75,0.75,0.875,0.140625,0.1875,0.203125,0.203125,0.203125,0.28125,0.1875,0.140625,0.203125,0.0625,-82.98965180285595
0.78125,0.828125,0.75,0.765625,0.75,0.75,0.75,0.875,0.140625,0.1875,0.203125,0.203125,0.203125,0.28125,0.1875,0.140625,0.78125,0.90625,-45.728248216592355
0.78125,0.828125,0.75,0.765625,0.75,0.75,0.75,0.875,0.140625,0.1875,0.203125,0.203125,0.203125,0.28125,0.1875,0.140625,0.78125,0.546875,-29.850750961514045
0.546875,0.828125,0.75,0.765625,0.75,0.75,0.75,0.875,0.140625,0.1875,0.203125,0.203125,0.203125,0.28125,0.1875,0.140625,0.140625,0.015625,-73.57979518211775
0.546875,0.828125,0.75,0.765625,0.75,0.75,0.75,0.875,0.140625,0.1875,0.203125,0.203125,0.203125,0.28125,0.1875,0.140625,0.140625,0.03125,41.07052635246225
0.546875,0.828125,0.75,0.765625,0.75,0.75,0.75,0.875,0.140625,0.1875,0.203125,0.203125,0.203125,0.28125,0.1875,0.140625,0.140625,0.0,-88.27709240787993
0.546875,0.828125,0.75,0.765625,0.75,0.75,0.75,0.875,0.140625,0.1875,0.203125,0.203125,0.203125,0.28125,0.1875,0.140625,0.546875,0.6875,32.24273686414385
0.6875,0.828125,0.75,0.765625,0.75,0.75,0.75,0.875,0.140625,0.1875,0.203125,0.203125,0.203125,0.28125,0.1875,0.140625,0.1875,0.0625,70.08132088335108
0.6875,0.828125,0.75,0.765625,0.75,0.75,0.75,0.875,0.140625,0.1875,0.203125,0.203125,0.203125,0.28125,0.1875,0.140625,0.1875,0.078125,20.344769862096044
0.6875,0.828125,0.75,0.765625,0.75,0.75,0.75,0.875,0.140625,0.1875,0.203125,0.203125,0.203125,0.28125,0.1875,0.140625,0.1875,0.046875,-45.298089241198824
0.6875,0.828125,0.75,0.765625,0.75,0.75,0.75,0.875,0.140625,0.1875,0.203125,0.203125,0.203125,0.28125,0.1875,0.140625,0.6875,0.828125,-39.522146957937444
0.828125,0.828125,0.75,0.765625,0.75,0.75,0.75,0.875,0.140625,0.1875,0.203125,0.203125,0.203125,0.28125,0.1875,0.140625,0.203125,0.078125,-38.60892862909589
0.828125,0.828125,0.75,0.765625,0.75,0.75,0.75,0.875,0.140625,0.1875,0.203125,0.203125,0.203125,0.28125,0.1875,0.140625,0.203125,0.0625,72.43630506019434
0.828125,0.828125,0.75,0.765625,0.75,0.75,0.75,0.875,0.140625,0.1875,0.203125,0.203125,0.203125,0.28125,0.1875,0.140625,0.828125,0.96875,-16.20435286496611
0.828125,0.828125,0.75,0.765625,0.75,0.75,0.75,0.875,0.140625,0.1875,0.28125,0.203125,0.203125,0.28125,0.1875,0.140625,0.828125,0.53125,46.34065467769554
0.53125,0.828125,0.75,0.765625,0.75,0.75,0.75,0.875,0.140625,0.1875,0.28125,0.203125,0.203125,0.28125,0.1875,0.140625,0.28125,0.15625,-1.2017587511710275
0.53125,0.828125,0.75,0.765625,0.75,0.75,0.75,0.875,0.140625,0.1875,0.15625,0.203125,0.203125,0.28125,0.1875,0.140625,0.765625,0.890625,-44.85160870505902
0.53125,0.828125,0.75,0.765625,0.75,0.75,0.75,0.875,0.140625,0.1875,0.15625,0.203125,0.203125,0.28125,0.1875,0.140625,0.765625,0.90625,20.09218382276393
0.53125,0.828125,0.75,0.765625,0.75,0.75,0.75,0.875,0.140625,0.1875,0.15625,0.203125,0.203125,0.28125,0.1875,0.140625,0.765625,0.875,0.368916937582938
0.53125,0.828125,0.75,0.765625,0.75,0.75,0.75,0.875,0.140625,0.1875,0.15625,0.203125,0.203125,0.15625,0.1875,0.140625,0.15625,0.03125,-9.613605288706722
0.53125,0.828125,0.75,0.765625,0.75,0.75,0.75,0.875,0.140625,0.1875,0.15625,0.203125,0.203125,0.15625,0.1875,0.140625,0.15625,0.171875,50.75577737866735
0.53125,0.828125,0.75,0.765625,0.75,0.75,0.75,0.875,0.140625,0.1875,0.171875,0.203125,0.203125,0.15625,0.1875,0.140625,0.75,0.875,57.41661783713215
0.53125,0.828125,0.75,0.765625,0.75,0.75,0.75,0.875,0.140625,0.1875,0.171875,0.203125,0.203125,0.15625,0.1875,0.140625,0.75,0.890625,-20.571679506374807
0.53125,0.828125,0.75,0.765625,0.75,0.75,0.75,0.875,0.140625,0.1875,0.171875,0.203125,0.203125,0.171875,0.1875,0.140625,0.171875,0.0625,-66.27913777707418
0.53125,0.828125,0.75,0.765625,0.75,0.75,0.75,0.875,0.140625,0.1875,0.171875,0.203125,0.203125,0.171875,0.1875,0.140625,0.53125,0.65625,16.946799469939435
0.65625,0.828125,0.75,0.765625,0.75,0.75,0.75,0.875,0.140625,0.1875,0.171875,0.203125,0.203125,0.171875,0.1875,0.140625,0.140625,0.015625,-48.21055012143529
0.65625,0.828125,0.75,0.765625,0.75,0.75,0.75,0.875,0.140625,0.1875,0.171875,0.203125,0.203125,0.171875,0.1875,0.140625,0.140625,0.03125,12.05242496507195
0.65625,0.828125,0.75,0.765625,0.75,0.75,0.75,0.875,0.140625,0.1875,0.171875,0.203125,0.203125,0.171875,0.1875,0.140625,0.140625,0.0,-24.397125461020323
0.65625,0.828125,0.75,0.765625,0.75,0.75,0.75,0.875,0.140625,0.1875,0.171875,0.203125,0.203125,0.171875,0.1875,0.140625,0.65625,0.78125,-29.62820561296047
0.78125,0.828125,0.75,0.765625,0.75,0.75,0.75,0.875,0.140625,0.1875,0.171875,0.203125,0.203125,0.171875,0.1875,0.140625,0.203125,0.078125,-33.33473815203037
0.78125,0.828125,0.75,0.765625,0.75,0.75,0.75,0.875,0.140625,0.1875,0.171875,0.203125,0.203125,0.171875,0.1875,0.140625,0.203125,0.0625,-1.7784780017473167
0.78125,0.828125,0.75,0.765625,0.75,0.75,0.75,0.875,0.140625,0.1875,0.171875,0.203125,0.203125,0.171875,0.1875,0.140625,0.78125,0.90625,-8.568798354820714
0.78125,0.828125,0.75,0.765625,0.75,0.75,0.75,0.875,0.140625,0.1875,0.171875,0.203125,0.203125,0.171875,0.1875,0.140625,0.78125,0.296875,64.14362954063247
0.296875,0.828125,0.75,0.765625,0.75,0.75,0.75,0.875,0.140625,0.1875,0.171875,0.203125,0.203125,0.171875,0.1875,0.140625,0.1875,0.0625,-19.42422207564796
0.296875,0.828125,0.75,0.765625,0.75,0.75,0.75,0.875,0.140625,0.1875,0.171875,0.203125,0.203125,0.171875,0.1875,0.140625,0.1875,0.078125,-83.07188599993486
0.296875,0.828125,0.75,0.765625,0.75,0.75,0.75,0.875,0.140625,0.1875,0.171875,0.203125,0.203125,0.171875,0.1875,0.140625,0.1875,0.046875,-43.99950397813784
0.296875,0.828125,0.75,0.765625,0.75,0.75,0.75,0.875,0.140625,0.1875,0.171875,0.203125,0.203125,0.171875,0.1875,0.140625,0.296875,0.4375,4.171302085476995
0.4375,0.828125,0.75,0.765625,0.75,0.75,0.75,0.875,0.140625,0.1875,0.171875,0.203125,0.203125,0.171875,0.1875,0.140625,0.140625,0.015625,24.992948456060063
0.4375,0.828125,0.75,0.765625,0.75,0.75,0.75,0.875,0.140625,0.1875,0.171875,0.203125,0.203125,0.171875,0.1875,0.140625,0.140625,0.03125,-30.025490462744074
0.4375,0.828125,0.75,0.765625,0.75,0.75,0.75,0.875,0.140625,0.1875,0.171875,0.203125,0.203125,0.171875,0.1875,0.140625,0.140625,0.0,-67.18052561188482
0.4375,0.828125,0.75,0.765625,0.75,0.75,0.75,0.875,0.140625,0.1875,0.171875,0.203125,0.203125,0.171875,0.1875,0.140625,0.4375,0.578125,0.8678347685465297
0.578125,0.828125,0.75,0.765625,0.75,0.75,0.75,0.875,0.140625,0.1875,0.171875,0.203125,0.203125,0.171875,0.1875,0.140625,0.171875,0.046875,14.543904733763384
0.578125,0.828125,0.75,0.765625,0.75,0.75,0.75,0.875,0.140625,0.1875,0.171875,0.203125,0.203125,0.171875,0.1875,0.140625,0.171875,0.0625,63.670582397631165
0.578125,0.828125,0.75,0.765625,0.75,0.75,0.75,0.875,0.140625,0.1875,0.171875,0.203125,0.203125,0.171875,0.1875,0.140625,0.171875,0.03125,-72.58902862275355
0.578125,0.828125,0.75,0.765625,0.75,0.75,0.75,0.875,0.140625,0.1875,0.171875,0.203125,0.203125,0.171875,0.1875,0.140625,0.171875,0.390625,-47.44134290620797
0.578125,0.828125,0.75,0.765625,0.75,0.75,0.75,0.875,0.140625,0.1875,0.171875,0.203125,0.203125,0.390625,0.1875,0.140625,0.75,0.875,79.15127680238805
0.578125,0.828125,0.75,0.765625,0.75,0.75,0.75,0.875,0.140625,0.1875,0.171875,0.203125,0.203125,0.390625,0.1875,0.140625,0.75,0.890625,-18.552518891426587
0.578125,0.828125,0.75,0.765625,0.75,0.75,0.75,0.875,0.140625,0.1875,0.390625,0.203125,0.203125,0.390625,0.1875,0.140625,0.390625,0.25,-8.440170509653427
0.578125,0.828125,0.75,0.765625,0.75,0.75,0.75,0.875,0.140625,0.1875,0.390625,0.203125,0.203125,0.25,0.1875,0.140625,0.75,0.875,100.0
0.578125,0.828125,0.75,0.765625,0.75,0.75,0.75,0.875,0.140625,0.1875,0.390625,0.203125,0.203125,0.25,0.1875,0.140625,0.75,0.890625,100.0
0.578125,0.828125,0.75,0.765625,0.75,0.75,0.75,0.875,0.140625,0.1875,0.25,0.203125,0.203125,0.25,0.1875,0.140625,0.765625,0.75,100.0
0.578125,0.828125,0.75,0.75,0.75,0.75,0.75,0.875,0.140625,0.1875,0.25,0.203125,0.203125,0.25,0.1875,0.140625,0.1875,0.0625,100.0
0.578125,0.828125,0.75,0.75,0.75,0.75,0.75,0.875,0.140625,0.1875,0.25,0.203125,0.203125,0.25,0.1875,0.140625,0.1875,0.078125,100.0
0.578125,0.828125,0.75,0.75,0.75,0.75,0.75,0.875,0.140625,0.1875,0.25,0.203125,0.203125,0.25,0.1875,0.140625,0.1875,0.046875,100.0
0.578125,0.828125,0.75,0.75,0.75,0.75,0.75,0.875,0.140625,0.1875,0.25,0.203125,0.203125,0.25,0.1875,0.140625,0.75,0.515625,100.0
0.578125,0.828125,0.75,0.515625,0.75,0.75,0.75,0.875,0.140625,0.1875,0.25,0.203125,0.203125,0.25,0.1875,0.140625,0.1875,0.0625,100.0
0.578125,0.828125,0.75,0.515625,0.75,0.75,0.75,0.875,0.140625,0.1875,0.25,0.203125,0.203125,0.25,0.1875,0.140625,0.1875,0.078125,100.0
0.578125,0.828125,0.75,0.515625,0.75,0.75,0.75,0.875,0.140625,0.1875,0.25,0.203125,0.203125,0.25,0.1875,0.140625,0.1875,0.046875,100.0
0.578125,0.828125,0.75,0.515625,0.75,0.75,0.75,0.875,0.140625,0.1875,0.25,0.203125,0.203125,0.25,0.1875,0.140625,0.515625,0.65625,100.0
0.578125,0.828125,0.75,0.65625,0.75,0.75,0.75,0.875,0.140625,0.1875,0.25,0.203125,0.203125,0.25,0.1875,0.140625,0.140625,0.015625,100.0
0.578125,0.828125,0.75,0.65625,0.75,0.75,0.75,0.875,0.140625,0.1875,0.25,0.203125,0.203125,0.25,0.1875,0.140625,0.140625,0.0,100.0
0.578125,0.828125,0.75,0.65625,0.75,0.75,0.75,0.875,0.140625,0.1875,0.25,0.203125,0.203125,0.25,0.1875,0.140625,0.65625,0.796875,100.0
0.578125,0.828125,0.75,0.796875,0.75,0.75,0.75,0.875,0.140625,0.1875,0.25,0.203125,0.203125,0.25,0.1875,0.140625,0.25,0.125,100.0
0.578125,0.828125,0.75,0.796875,0.75,0.75,0.75,0.875,0.140625,0.1875,0.25,0.203125,0.203125,0.125,0.1875,0.140625,0.828125,0.953125,100.0
0.578125,0.828125,0.75,0.796875,0.75,0.75,0.75,0.875,0.140625,0.1875,0.25,0.203125,0.203125,0.125,0.1875,0.140625,0.828125,0.96875,100.0
0.578125,0.828125,0.75,0.796875,0.75,0.75,0.75,0.875,0.140625,0.1875,0.25,0.203125,0.203125,0.125,0.1875,0.140625,0.828125,0.9375,100.0
0.578125,0.828125,0.75,0.796875,0.75,0.75,0.75,0.875,0.140625,0.1875,0.125,0.203125,0.203125,0.125,0.1875,0.140625,0.125,0.0,100.0
0.578125,0.828125,0.75,0.796875,0.75,0.75,0.75,0.875,0.140625,0.1875,0.125,0.203125,0.203125,0.125,0.1875,0.140625,0.1875,0.484375,100.0
0.578125,0.828125,0.75,0.796875,0.75,0.75,0.75,0.875,0.140625,0.1875,0.125,0.203125,0.203125,0.125,0.484375,0.140625,0.75,0.875,100.0
0.578125,0.828125,0.75,0.796875,0.75,0.75,0.75,0.875,0.140625,0.1875,0.125,0.203125,0.203125,0.125,0.484375,0.140625,0.75,0.890625,100.0
0.578125,0.828125,0.75,0.796875,0.75,0.75,0.75,0.875,0.140625,0.484375,0.125,0.203125,0.203125,0.125,0.484375,0.140625,0.484375,0.359375,100.0
0.578125,0.828125,0.75,0.796875,0.75,0.75,0.75,0.875,0.140625,0.484375,0.125,0.203125,0.203125,0.125,0.359375,0.140625,0.75,0.875,100.0
0.578125,0.828125,0.75,0.796875,0.75,0.75,0.75,0.875,0.140625,0.484375,0.125,0.203125,0.203125,0.125,0.359375,0.140625,0.75,0.890625,100.0
0.578125,0.828125,0.75,0.796875,0.75,0.75,0.75,0.875,0.140625,0.359375,0.125,0.203125,0.203125,0.125,0.359375,0.140625,0.359375,0.234375,100.0
0.578125,0.828125,0.75,0.796875,0.75,0.75,0.75,0.875,0.140625,0.359375,0.125,0.203125,0.203125,0.125,0.234375,0.140625,0.75,0.875,100.0
0.578125,0.828125,0.75,0.796875,0.75,0.75,0.75,0.875,0.140625,0.234375,0.125,0.203125,0.203125,0.125,0.234375,0.140625,0.234375,0.59375,100.0
0.578125,0.828125,0.75,0.796875,0.75,0.75,0.75,0.875,0.140625,0.234375,0.125,0.203125,0.203125,0.125,0.59375,0.140625,0.75,0.875,100.0
0.578125,0.828125,0.75,0.796875,0.75,0.75,0.75,0.875,0.140625,0.59375,0.125,0.203125,0.203125,0.125,0.59375,0.140625,0.59375,0.453125,100.0
0.578125,0.828125,0.75,0.796875,0.75,0.75,0.75,0.875,0.140625,0.59375,0.125,0.203125,0.203125,0.125,0.453125,0.140625,0.75,0.875,100.0
0.578125,0.828125,0.75,0.796875,0.75,0.75,0.75,0.875,0.140625,0.59375,0.125,0.203125,0.203125,0.125,0.453125,0.140625,0.75,0.890625,100.0
0.578125,0.828125,0.75,0.796875,0.75,0.75,0.75,0.875,0.140625,0.453125,0.125,0.203125,0.203125,0.125,0.453125,0.140625,0.75,0.765625,100.0
0.578125,0.828125,0.75,0.796875,0.765625,0.75,0.75,0.875,0.140625,0.453125,0.125,0.203125,0.203125,0.125,0.453125,0.140625,0.140625,0.03125,100.0
0.578125,0.828125,0.75,0.796875,0.765625,0.75,0.75,0.875,0.140625,0.453125,0.125,0.203125,0.203125,0.125,0.453125,0.140625,0.140625,0.0,100.0
0.578125,0.828125,0.75,0.796875,0.765625,0.75,0.75,0.875,0.140625,0.453125,0.125,0.203125,0.203125,0.125,0.453125,0.140625,0.203125,0.359375,100.0
0.578125,0.828125,0.75,0.796875,0.765625,0.75,0.75,0.875,0.140625,0.453125,0.125,0.203125,0.359375,0.125,0.453125,0.140625,0.75,0.875,100.0
0.578125,0.828125,0.75,0.796875,0.765625,0.75,0.75,0.875,0.140625,0.453125,0.125,0.203125,0.359375,0.125,0.453125,0.140625,0.75,0.890625,100.0
0.578125,0.828125,0.75,0.796875,0.765625,0.75,0.75,0.875,0.140625,0.453125,0.125,0.359375,0.359375,0.125,0.453125,0.140625,0.359375,0.234375,100.0
0.578125,0.828125,0.75,0.796875,0.765625,0.75,0.75,0.875,0.140625,0.453125,0.125,0.359375,0.234375,0.125,0.453125,0.140625,0.75,0.875,100.0
0.578125,0.828125,0.75,0.796875,0.765625,0.75,0.75,0.875,0.140625,0.453125,0.125,0.234375,0.234375,0.125,0.453125,0.140625,0.234375,0.46875,100.0
0.578125,0.828125,0.75,0.796875,0.765625,0.75,0.75,0.875,0.140625,0.453125,0.125,0.234375,0.46875,0.125,0.453125,0.140625,0.828125,0.953125,100.0
0.578125,0.828125,0.75,0.796875,0.765625,0.75,0.75,0.875,0.140625,0.453125,0.125,0.234375,0.46875,0.125,0.453125,0.140625,0.828125,0.96875,100.0
0.578125,0.828125,0.75,0.796875,0.765625,0.75,0.75,0.875,0.140625,0.453125,0.125,0.234375,0.46875,0.125,0.453125,0.140625,0.828125,0.9375,100.0
0.578125,0.828125,0.75,0.796875,0.765625,0.75,0.75,0.875,0.140625,0.453125,0.125,0.46875,0.46875,0.125,0.453125,0.140625,0.75,0.625,100.0
0.578125,0.828125,0.625,0.796875,0.765625,0.75,0.75,0.875,0.140625,0.453125,0.125,0.46875,0.46875,0.125,0.453125,0.140625,0.125,0.0,100.0
0.578125,0.828125,0.625,0.796875,0.765625,0.75,0.75,0.875,0.140625,0.453125,0.125,0.46875,0.46875,0.125,0.453125,0.140625,0.625,0.75,100.0
0.578125,0.828125,0.75,0.796875,0.765625,0.75,0.75,0.875,0.140625,0.453125,0.125,0.46875,0.46875,0.125,0.453125,0.140625,0.453125,0.328125,100.0
0.578125,0.828125,0.75,0.796875,0.765625,0.75,0.75,0.875,0.140625,0.328125,0.125,0.46875,0.46875,0.125,0.328125,0.140625,0.328125,0.203125,100.0
0.578125,0.828125,0.75,0.796875,0.765625,0.75,0.75,0.875,0.140625,0.328125,0.125,0.46875,0.46875,0.125,0.203125,0.140625,0.765625,0.890625,100.0
0.578125,0.828125,0.75,0.796875,0.765625,0.75,0.75,0.875,0.140625,0.328125,0.125,0.46875,0.46875,0.125,0.203125,0.140625,0.765625,0.90625,100.0
0.578125,0.828125,0.75,0.796875,0.765625,0.75,0.75,0.875,0.140625,0.328125,0.125,0.46875,0.46875,0.125,0.203125,0.140625,0.765625,0.875,100.0
0.578125,0.828125,0.75,0.796875,0.765625,0.75,0.75,0.875,0.140625,0.203125,0.125,0.46875,0.46875,0.125,0.203125,0.140625,0.203125,0.078125,100.0
0.578125,0.828125,0.75,0.796875,0.765625,0.75,0.75,0.875,0.140625,0.203125,0.125,0.46875,0.46875,0.125,0.203125,0.140625,0.203125,0.34375,100.0
0.578125,0.828125,0.75,0.796875,0.765625,0.75,0.75,0.875,0.140625,0.203125,0.125,0.46875,0.46875,0.125,0.34375,0.140625,0.765625,0.890625,100.0
0.578125,0.828125,0.75,0.796875,0.765625,0.75,0.75,0.875,0.140625,0.203125,0.125,0.46875,0.46875,0.125,0.34375,0.140625,0.765625,0.90625,100.0
0.578125,0.828125,0.75,0.796875,0.765625,0.75,0.75,0.875,0.140625,0.203125,0.125,0.46875,0.46875,0.125,0.34375,0.140625,0.765625,0.875,100.0
0.578125,0.828125,0.75,0.796875,0.765625,0.75,0.75,0.875,0.140625,0.34375,0.125,0.46875,0.46875,0.125,0.34375,0.140625,0.34375,0.234375,100.0
0.578125,0.828125,0.75,0.796875,0.765625,0.75,0.75,0.875,0.140625,0.34375,0.125,0.46875,0.46875,0.125,0.234375,0.140625,0.75,0.875,100.0
0.578125,0.828125,0.75,0.796875,0.765625,0.75,0.75,0.875,0.140625,0.234375,0.125,0.46875,0.46875,0.125,0.234375,0.140625,0.234375,0.3125,100.0
0.578125,0.828125,0.75,0.796875,0.765625,0.75,0.75,0.875,0.140625,0.234375,0.125,0.46875,0.46875,0.125,0.3125,0.140625,0.75,0.875,100.0
0.578125,0.828125,0.75,0.796875,0.765625,0.75,0.75,0.875,0.140625,0.3125,0.125,0.46875,0.46875,0.125,0.3125,0.140625,0.3125,0.171875,100.0
0.578125,0.828125,0.75,0.796875,0.765625,0.75,0.75,0.875,0.140625,0.3125,0.125,0.46875,0.46875,0.125,0.171875,0.140625,0.75,0.875,100.0
0.578125,0.828125,0.75,0.796875,0.765625,0.75,0.75,0.875,0.140625,0.3125,0.125,0.46875,0.46875,0.125,0.171875,0.140625,0.75,0.890625,100.0
0.578125,0.828125,0.75,0.796875,0.765625,0.75,0.75,0.875,0.140625,0.171875,0.125,0.46875,0.46875,0.125,0.171875,0.140625,0.171875,0.03125,100.0
0.578125,0.828125,0.75,0.796875,0.765625,0.75,0.75,0.875,0.140625,0.171875,0.125,0.46875,0.46875,0.125,0.171875,0.140625,0.75,0.515625,100.0
0.578125,0.828125,0.515625,0.796875,0.765625,0.75,0.75,0.875,0.140625,0.171875,0.125,0.46875,0.46875,0.125,0.171875,0.140625,0.171875,0.046875,100.0
0.578125,0.828125,0.515625,0.796875,0.765625,0.75,0.75,0.875,0.140625,0.171875,0.125,0.46875,0.46875,0.125,0.171875,0.140625,0.171875,0.0625,100.0
0.578125,0.828125,0.515625,0.796875,0.765625,0.75,0.75,0.875,0.140625,0.171875,0.125,0.46875,0.46875,0.125,0.171875,0.140625,0.171875,0.03125,100.0
0.578125,0.828125,0.515625,0.796875,0.765625,0.75,0.75,0.875,0.140625,0.171875,0.125,0.46875,0.46875,0.125,0.171875,0.140625,0.515625,0.65625,100.0
0.578125,0.828125,0.65625,0.796875,0.765625,0.75,0.75,0.875,0.140625,0.171875,0.125,0.46875,0.46875,0.125,0.171875,0.140625,0.140625,0.03125,100.0
0.578125,0.828125,0.65625,0.796875,0.765625,0.75,0.75,0.875,0.140625,0.171875,0.125,0.46875,0.46875,0.125,0.171875,0.140625,0.140625,0.0,100.0
0.578125,0.828125,0.65625,0.796875,0.765625,0.75,0.75,0.875,0.140625,0.171875,0.125,0.46875,0.46875,0.125,0.171875,0.140625,0.65625,0.796875,100.0
0.578125,0.828125,0.796875,0.796875,0.765625,0.75,0.75,0.875,0.140625,0.171875,0.125,0.46875,0.46875,0.125,0.171875,0.140625,0.125,0.0,100.0
0.578125,0.828125,0.796875,0.796875,0.765625,0.75,0.75,0.875,0.140625,0.171875,0.125,0.46875,0.46875,0.125,0.171875,0.140625,0.171875,0.609375,100.0
0.578125,0.828125,0.796875,0.796875,0.765625,0.75,0.75,0.875,0.140625,0.171875,0.125,0.46875,0.46875,0.125,0.609375,0.140625,0.796875,0.921875,100.0
0.578125,0.828125,0.796875,0.796875,0.765625,0.75,0.75,0.875,0.140625,0.171875,0.125,0.46875,0.46875,0.125,0.609375,0.140625,0.796875,0.90625,100.0
0.578125,0.828125,0.796875,0.796875,0.765625,0.75,0.75,0.875,0.140625,0.609375,0.125,0.46875,0.46875,0.125,0.609375,0.140625,0.609375,0.484375,100.0
0.578125,0.828125,0.796875,0.796875,0.765625,0.75,0.75,0.875,0.140625,0.609375,0.125,0.46875,0.46875,0.125,0.484375,0.140625,0.765625,0.890625,100.0
0.578125,0.828125,0.796875,0.796875,0.765625,0.75,0.75,0.875,0.140625,0.609375,0.125,0.46875,0.46875,0.125,0.484375,0.140625,0.765625,0.90625,100.0
0.578125,0.828125,0.796875,0.796875,0.765625,0.75,0.75,0.875,0.140625,0.609375,0.125,0.46875,0.46875,0.125,0.484375,0.140625,0.765625,0.875,100.0
0.578125,0.828125,0.796875,0.796875,0.765625,0.75,0.75,0.875,0.140625,0.484375,0.125,0.46875,0.46875,0.125,0.484375,0.140625,0.484375,0.359375,100.0
0.578125,0.828125,0.796875,0.796875,0.765625,0.75,0.75,0.875,0.140625,0.484375,0.125,0.46875,0.46875,0.125,0.359375,0.140625,0.75,0.875,100.0
0.578125,0.828125,0.796875,0.796875,0.765625,0.75,0.75,0.875,0.140625,0.484375,0.125,0.46875,0.46875,0.125,0.359375,0.140625,0.75,0.890625,100.0
0.578125,0.828125,0.796875,0.796875,0.765625,0.75,0.75,0.875,0.140625,0.359375,0.125,0.46875,0.46875,0.125,0.359375,0.140625,0.359375,0.234375,100.0
0.578125,0.828125,0.796875,0.796875,0.765625,0.75,0.75,0.875,0.140625,0.359375,0.125,0.46875,0.46875,0.125,0.234375,0.140625,0.75,0.875,100.0
0.578125,0.828125,0.796875,0.796875,0.765625,0.75,0.75,0.875,0.140625,0.234375,0.125,0.46875,0.46875,0.125,0.234375,0.140625,0.234375,0.71875,100.0
0.578125,0.828125,0.796875,0.796875,0.765625,0.75,0.75,0.875,0.140625,0.234375,0.125,0.46875,0.46875,0.125,0.71875,0.140625,0.796875,0.921875,100.0
0.578125,0.828125,0.796875,0.796875,0.765625,0.75,0.75,0.875,0.140625,0.234375,0.125,0.46875,0.46875,0.125,0.71875,0.140625,0.796875,0.9375,100.0
0.578125,0.828125,0.796875,0.796875,0.765625,0.75,0.75,0.875,0.140625,0.234375,0.125,0.46875,0.46875,0.125,0.71875,0.140625,0.796875,0.90625,100.0
0.578125,0.828125,0.796875,0.796875,0.765625,0.75,0.75,0.875,0.140625,0.71875,0.125,0.46875,0.46875,0.125,0.71875,0.140625,0.71875,0.578125,100.0
0.578125,0.828125,0.796875,0.796875,0.765625,0.75,0.75,0.875,0.140625,0.71875,0.125,0.46875,0.46875,0.125,0.578125,0.140625,0.75,0.875,100.0
0.578125,0.828125,0.796875,0.796875,0.765625,0.75,0.75,0.875,0.140625,0.71875,0.125,0.46875,0.46875,0.125,0.578125,0.140625,0.75,0.890625,100.0
0.578125,0.828125,0.796875,0.796875,0.765625,0.75,0.75,0.875,0.140625,0.578125,0.125,0.46875,0.46875,0.125,0.578125,0.140625,0.578125,0.4375,100.0
0.578125,0.828125,0.796875,0.796875,0.765625,0.75,0.75,0.875,0.140625,0.4375,0.125,0.46875,0.46875,0.125,0.4375,0.140625,0.4375,0.296875,100.0
0.578125,0.828125,0.796875,0.796875,0.765625,0.75,0.75,0.875,0.140625,0.4375,0.125,0.46875,0.46875,0.125,0.296875,0.140625,0.828125,0.953125,100.0
0.578125,0.828125,0.796875,0.796875,0.765625,0.75,0.75,0.875,0.140625,0.4375,0.125,0.46875,0.46875,0.125,0.296875,0.140625,0.828125,0.96875,100.0
0.578125,0.828125,0.796875,0.796875,0.765625,0.75,0.75,0.875,0.140625,0.4375,0.125,0.46875,0.46875,0.125,0.296875,0.140625,0.828125,0.9375,100.0
0.578125,0.828125,0.796875,0.796875,0.765625,0.75,0.75,0.875,0.140625,0.296875,0.125,0.46875,0.46875,0.125,0.296875,0.140625,0.296875,0.15625,100.0
0.578125,0.828125,0.796875,0.796875,0.765625,0.75,0.75,0.875,0.140625,0.296875,0.125,0.46875,0.46875,0.125,0.15625,0.140625,0.796875,0.921875,100.0
0.578125,0.828125,0.796875,0.796875,0.765625,0.75,0.75,0.875,0.140625,0.296875,0.125,0.46875,0.46875,0.125,0.15625,0.140625,0.796875,0.9375,100.0
0.578125,0.828125,0.796875,0.796875,0.765625,0.75,0.75,0.875,0.140625,0.296875,0.125,0.46875,0.46875,0.125,0.15625,0.140625,0.796875,0.90625,100.0
0.578125,0.828125,0.796875,0.796875,0.765625,0.75,0.75,0.875,0.140625,0.15625,0.125,0.46875,0.46875,0.125,0.15625,0.140625,0.75,0.765625,100.0
0.578125,0.828125,0.796875,0.796875,0.765625,0.765625,0.75,0.875,0.140625,0.15625,0.125,0.46875,0.46875,0.125,0.15625,0.140625,0.140625,0.03125,100.0
0.578125,0.828125,0.796875,0.796875,0.765625,0.765625,0.75,0.875,0.140625,0.15625,0.125,0.46875,0.46875,0.125,0.15625,0.140625,0.140625,0.0,100.0
0.578125,0.828125,0.796875,0.796875,0.765625,0.765625,0.75,0.875,0.140625,0.15625,0.125,0.46875,0.46875,0.125,0.15625,0.140625,0.46875,0.234375,100.0
0.578125,0.828125,0.796875,0.796875,0.765625,0.765625,0.75,0.875,0.140625,0.15625,0.125,0.234375,0.46875,0.125,0.15625,0.140625,0.75,0.875,100.0
0.578125,0.828125,0.796875,0.796875,0.765625,0.765625,0.75,0.875,0.140625,0.15625,0.125,0.234375,0.234375,0.125,0.15625,0.140625,0.234375,0.34375,100.0
0.578125,0.828125,0.796875,0.796875,0.765625,0.765625,0.75,0.875,0.140625,0.15625,0.125,0.34375,0.234375,0.125,0.15625,0.140625,0.765625,0.90625,100.0
0.578125,0.828125,0.796875,0.796875,0.765625,0.765625,0.75,0.875,0.140625,0.15625,0.125,0.34375,0.234375,0.125,0.15625,0.140625,0.765625,0.875,100.0
0.578125,0.828125,0.796875,0.796875,0.765625,0.765625,0.75,0.875,0.140625,0.15625,0.125,0.34375,0.34375,0.125,0.15625,0.140625,0.34375,0.203125,100.0
0.578125,0.828125,0.796875,0.796875,0.765625,0.765625,0.75,0.875,0.140625,0.15625,0.125,0.203125,0.34375,0.125,0.15625,0.140625,0.765625,0.890625,100.0
0.578125,0.828125,0.796875,0.796875,0.765625,0.765625,0.75,0.875,0.140625,0.15625,0.125,0.203125,0.34375,0.125,0.15625,0.140625,0.765625,0.90625,100.0
0.578125,0.828125,0.796875,0.796875,0.765625,0.765625,0.75,0.875,0.140625,0.15625,0.125,0.203125,0.34375,0.125,0.15625,0.140625,0.765625,0.875,100.0
0.578125,0.828125,0.796875,0.796875,0.765625,0.765625,0.75,0.875,0.140625,0.15625,0.125,0.203125,0.203125,0.125,0.15625,0.140625,0.203125,0.0625,100.0
0.578125,0.828125,0.796875,0.796875,0.765625,0.765625,0.75,0.875,0.140625,0.15625,0.125,0.203125,0.203125,0.125,0.15625,0.140625,0.796875,0.5,100.0
0.578125,0.828125,0.5,0.796875,0.765625,0.765625,0.75,0.875,0.140625,0.15625,0.125,0.203125,0.203125,0.125,0.15625,0.140625,0.203125,0.078125,100.0
0.578125,0.828125,0.5,0.796875,0.765625,0.765625,0.75,0.875,0.140625,0.15625,0.125,0.203125,0.203125,0.125,0.15625,0.140625,0.5,0.625,100.0
0.578125,0.828125,0.625,0.796875,0.765625,0.765625,0.75,0.875,0.140625,0.15625,0.125,0.203125,0.203125,0.125,0.15625,0.140625,0.125,0.0,100.0
0.578125,0.828125,0.625,0.796875,0.765625,0.765625,0.75,0.875,0.140625,0.15625,0.125,0.203125,0.203125,0.125,0.15625,0.140625,0.625,0.75,100.0
0.578125,0.828125,0.75,0.796875,0.765625,0.765625,0.75,0.875,0.140625,0.15625,0.125,0.203125,0.203125,0.125,0.15625,0.140625,0.15625,0.03125,100.0
0.578125,0.828125,0.75,0.796875,0.765625,0.765625,0.75,0.875,0.140625,0.15625,0.125,0.203125,0.203125,0.125,0.15625,0.140625,0.15625,0.046875,100.0
0.578125,0.828125,0.75,0.796875,0.765625,0.765625,0.75,0.875,0.140625,0.15625,0.125,0.203125,0.203125,0.125,0.15625,0.140625,0.75,0.390625,100.0
0.578125,0.828125,0.390625,0.796875,0.765625,0.765625,0.75,0.875,0.140625,0.15625,0.125,0.203125,0.203125,0.125,0.15625,0.140625,0.15625,0.03125,100.0
0.578125,0.828125,0.390625,0.796875,0.765625,0.765625,0.75,0.875,0.140625,0.15625,0.125,0.203125,0.203125,0.125,0.15625,0.140625,0.15625,0.046875,100.0
0.578125,0.828125,0.390625,0.796875,0.765625,0.765625,0.75,0.875,0.140625,0.15625,0.125,0.203125,0.203125,0.125,0.15625,0.140625,0.390625,0.53125,100.0
0.578125,0.828125,0.53125,0.796875,0.765625,0.765625,0.75,0.875,0.140625,0.15625,0.125,0.203125,0.203125,0.125,0.15625,0.140625,0.125,0.0,100.0
0.578125,0.828125,0.53125,0.796875,0.765625,0.765625,0.75,0.875,0.140625,0.15625,0.125,0.203125,0.203125,0.125,0.15625,0.140625,0.53125,0.671875,100.0
0.578125,0.828125,0.671875,0.796875,0.765625,0.765625,0.75,0.875,0.140625,0.15625,0.125,0.203125,0.203125,0.125,0.15625,0.140625,0.15625,0.03125,100.0
0.578125,0.828125,0.671875,0.796875,0.765625,0.765625,0.75,0.875,0.140625,0.15625,0.125,0.203125,0.203125,0.125,0.15625,0.140625,0.15625,0.046875,100.0
0.578125,0.828125,0.671875,0.796875,0.765625,0.765625,0.75,0.875,0.140625,0.15625,0.125,0.203125,0.203125,0.125,0.15625,0.140625,0.671875,0.8125,100.0
0.578125,0.828125,0.8125,0.796875,0.765625,0.765625,0.75,0.875,0.140625,0.15625,0.125,0.203125,0.203125,0.125,0.15625,0.140625,0.125,0.0,100.0
0.578125,0.828125,0.8125,0.796875,0.765625,0.765625,0.75,0.875,0.140625,0.15625,0.125,0.203125,0.203125,0.125,0.15625,0.140625,0.8125,0.953125,100.0
0.578125,0.828125,0.8125,0.796875,0.765625,0.765625,0.75,0.875,0.140625,0.15625,0.125,0.203125,0.203125,0.125,0.15625,0.140625,0.125,0.40625,100.0
0.578125,0.828125,0.8125,0.796875,0.765625,0.765625,0.75,0.875,0.140625,0.15625,0.125,0.203125,0.203125,0.40625,0.15625,0.140625,0.765625,0.890625,100.0
0.578125,0.828125,0.8125,0.796875,0.765625,0.765625,0.75,0.875,0.140625,0.15625,0.125,0.203125,0.203125,0.40625,0.15625,0.140625,0.765625,0.90625,100.0
0.578125,0.828125,0.8125,0.796875,0.765625,0.765625,0.75,0.875,0.140625,0.15625,0.125,0.203125,0.203125,0.40625,0.15625,0.140625,0.765625,0.875,100.0
0.578125,0.828125,0.8125,0.796875,0.765625,0.765625,0.75,0.875,0.140625,0.15625,0.40625,0.203125,0.203125,0.40625,0.15625,0.140625,0.40625,0.28125,-35.17299747585304
0.578125,0.828125,0.8125,0.796875,0.765625,0.765625,0.75,0.875,0.140625,0.15625,0.40625,0.203125,0.203125,0.28125,0.15625,0.140625,0.578125,0.703125,48.23853656172946
0.703125,0.828125,0.8125,0.796875,0.765625,0.765625,0.75,0.875,0.140625,0.15625,0.40625,0.203125,0.203125,0.28125,0.15625,0.140625,0.140625,0.015625,69.87564527102802
0.703125,0.828125,0.8125,0.796875,0.765625,0.765625,0.75,0.875,0.140625,0.15625,0.40625,0.203125,0.203125,0.28125,0.15625,0.140625,0.140625,0.03125,10.103439517106168
0.703125,0.828125,0.8125,0.796875,0.765625,0.765625,0.75,0.875,0.140625,0.15625,0.40625,0.203125,0.203125,0.28125,0.15625,0.140625,0.140625,0.0,-53.932113828475785
0.703125,0.828125,0.8125,0.796875,0.765625,0.765625,0.75,0.875,0.140625,0.15625,0.40625,0.203125,0.203125,0.28125,0.15625,0.140625,0.703125,0.828125,-29.16841182735957
0.828125,0.828125,0.8125,0.796875,0.765625,0.765625,0.75,0.875,0.140625,0.15625,0.40625,0.203125,0.203125,0.28125,0.15625,0.140625,0.203125,0.078125,-51.82677764821104
0.828125,0.828125,0.8125,0.796875,0.765625,0.765625,0.75,0.875,0.140625,0.15625,0.40625,0.203125,0.203125,0.28125,0.15625,0.140625,0.203125,0.0625,-30.386300525115935
0.828125,0.828125,0.8125,0.796875,0.765625,0.765625,0.75,0.875,0.140625,0.15625,0.40625,0.203125,0.203125,0.28125,0.15625,0.140625,0.828125,0.953125,43.682432900900494
0.828125,0.828125,0.8125,0.796875,0.765625,0.765625,0.75,0.875,0.140625,0.15625,0.28125,0.203125,0.203125,0.28125,0.15625,0.140625,0.28125,0.15625,-57.79579676518322
0.828125,0.828125,0.8125,0.796875,0.765625,0.765625,0.75,0.875,0.140625,0.15625,0.28125,0.203125,0.203125,0.15625,0.15625,0.140625,0.796875,0.921875,-82.98640609510751
0.828125,0.828125,0.8125,0.796875,0.765625,0.765625,0.75,0.875,0.140625,0.15625,0.28125,0.203125,0.203125,0.15625,0.15625,0.140625,0.796875,0.9375,-20.801916112181175
0.828125,0.828125,0.8125,0.796875,0.765625,0.765625,0.75,0.875,0.140625,0.15625,0.28125,0.203125,0.203125,0.15625,0.15625,0.140625,0.796875,0.90625,-2.370522310432065
0.828125,0.828125,0.8125,0.796875,0.765625,0.765625,0.75,0.875,0.140625,0.15625,0.15625,0.203125,0.203125,0.15625,0.15625,0.140625,0.15625,0.671875,87.65626099465464
0.828125,0.828125,0.8125,0.796875,0.765625,0.765625,0.75,0.875,0.140625,0.15625,0.15625,0.203125,0.203125,0.671875,0.15625,0.140625,0.75,0.875,-73.71161477441076
0.828125,0.828125,0.8125,0.796875,0.765625,0.765625,0.75,0.875,0.140625,0.15625,0.15625,0.203125,0.203125,0.671875,0.15625,0.140625,0.75,0.890625,-72.34867424093937
0.828125,0.828125,0.8125,0.796875,0.765625,0.765625,0.75,0.875,0.140625,0.15625,0.671875,0.203125,0.203125,0.671875,0.15625,0.140625,0.671875,0.5625,-71.538461096473
0.828125,0.828125,0.8125,0.796875,0.765625,0.765625,0.75,0.875,0.140625,0.15625,0.671875,0.203125,0.203125,0.5625,0.15625,0.140625,0.828125,0.953125,67.08019249032824
0.828125,0.828125,0.8125,0.796875,0.765625,0.765625,0.75,0.875,0.140625,0.15625,0.671875,0.203125,0.203125,0.5625,0.15625,0.140625,0.828125,0.96875,-16.545038652974284
0.828125,0.828125,0.8125,0.796875,0.765625,0.765625,0.75,0.875,0.140625,0.15625,0.671875,0.203125,0.203125,0.5625,0.15625,0.140625,0.828125,0.9375,-21.68174043185374
0.828125,0.828125,0.8125,0.796875,0.765625,0.765625,0.75,0.875,0.140625,0.15625,0.5625,0.203125,0.203125,0.5625,0.15625,0.140625,0.5625,0.453125,5.507326040509781
0.828125,0.828125,0.8125,0.796875,0.765625,0.765625,0.75,0.875,0.140625,0.15625,0.5625,0.203125,0.203125,0.453125,0.15625,0.140625,0.8125,0.9375,10.162458897656535
0.828125,0.828125,0.8125,0.796875,0.765625,0.765625,0.75,0.875,0.140625,0.15625,0.5625,0.203125,0.203125,0.453125,0.15625,0.140625,0.8125,0.953125,84.19513649866556
0.828125,0.828125,0.8125,0.796875,0.765625,0.765625,0.75,0.875,0.140625,0.15625,0.5625,0.203125,0.203125,0.453125,0.15625,0.140625,0.8125,0.921875,83.2821427502229
0.828125,0.828125,0.8125,0.796875,0.765625,0.765625,0.75,0.875,0.140625,0.15625,0.453125,0.203125,0.203125,0.453125,0.15625,0.140625,0.453125,0.640625,37.52325927031498
0.828125,0.828125,0.8125,0.796875,0.765625,0.765625,0.75,0.875,0.140625,0.15625,0.453125,0.203125,0.203125,0.640625,0.15625,0.140625,0.765625,0.890625,31.383232573802303
0.828125,0.828125,0.8125,0.796875,0.765625,0.765625,0.75,0.875,0.140625,0.15625,0.453125,0.203125,0.203125,0.640625,0.15625,0.140625,0.765625,0.90625,-14.665589695564904
0.828125,0.828125,0.8125,0.796875,0.765625,0.765625,0.75,0.875,0.140625,0.15625,0.453125,0.203125,0.203125,0.640625,0.15625,0.140625,0.765625,0.875,-38.12821963162033
0.828125,0.828125,0.8125,0.796875,0.765625,0.765625,0.75,0.875,0.140625,0.15625,0.640625,0.203125,0.203125,0.640625,0.15625,0.140625,0.640625,0.5,52.921482831900505
0.828125,0.828125,0.8125,0.796875,0.765625,0.765625,0.75,0.875,0.140625,0.15625,0.640625,0.203125,0.203125,0.5,0.15625,0.140625,0.765625,0.890625,100.0
0.828125,0.828125,0.8125,0.796875,0.765625,0.765625,0.75,0.875,0.140625,0.15625,0.640625,0.203125,0.203125,0.5,0.15625,0.140625,0.765625,0.90625,100.0
0.828125,0.828125,0.8125,0.796875,0.765625,0.765625,0.75,0.875,0.140625,0.15625,0.640625,0.203125,0.203125,0.5,0.15625,0.140625,0.765625,0.875,100.0
0.828125,0.828125,0.8125,0.796875,0.765625,0.765625,0.75,0.875,0.140625,0.15625,0.5,0.203125,0.203125,0.5,0.15625,0.140625,0.765625,0.75,100.0
0.828125,0.828125,0.8125,0.796875,0.75,0.765625,0.75,0.875,0.140625,0.15625,0.5,0.203125,0.203125,0.5,0.15625,0.140625,0.15625,0.03125,100.0
0.828125,0.828125,0.8125,0.796875,0.75,0.765625,0.75,0.875,0.140625,0.15625,0.5,0.203125,0.203125,0.5,0.15625,0.140625,0.15625,0.046875,100.0
0.828125,0.828125,0.8125,0.796875,0.75,0.765625,0.75,0.875,0.140625,0.15625,0.5,0.203125,0.203125,0.5,0.15625,0.140625,0.15625,0.015625,100.0
0.828125,0.828125,0.8125,0.796875,0.75,0.765625,0.75,0.875,0.140625,0.15625,0.5,0.203125,0.203125,0.5,0.15625,0.140625,0.75,0.640625,100.0
0.828125,0.828125,0.8125,0.796875,0.640625,0.765625,0.75,0.875,0.140625,0.15625,0.5,0.203125,0.203125,0.5,0.15625,0.140625,0.203125,0.078125,100.0
0.828125,0.828125,0.8125,0.796875,0.640625,0.765625,0.75,0.875,0.140625,0.15625,0.5,0.203125,0.203125,0.5,0.15625,0.140625,0.640625,0.78125,100.0
0.828125,0.828125,0.8125,0.796875,0.78125,0.765625,0.75,0.875,0.140625,0.15625,0.5,0.203125,0.203125,0.5,0.15625,0.140625,0.203125,0.078125,100.0
0.828125,0.828125,0.8125,0.796875,0.78125,0.765625,0.75,0.875,0.140625,0.15625,0.359375,0.203125,0.203125,0.5,0.15625,0.140625,0.359375,0.65625,100.0
0.828125,0.828125,0.8125,0.796875,0.78125,0.765625,0.75,0.875,0.140625,0.15625,0.359375,0.203125,0.203125,0.65625,0.15625,0.140625,0.359375,0.53125,-33.581077605856116
0.828125,0.828125,0.8125,0.796875,0.78125,0.765625,0.75,0.875,0.140625,0.15625,0.359375,0.203125,0.203125,0.53125,0.15625,0.140625,0.8125,0.9375,56.31871473093429
0.828125,0.828125,0.8125,0.796875,0.78125,0.765625,0.75,0.875,0.140625,0.15625,0.359375,0.203125,0.203125,0.53125,0.15625,0.140625,0.8125,0.953125,-85.01537120995874
0.828125,0.828125,0.8125,0.796875,0.78125,0.765625,0.75,0.875,0.140625,0.15625,0.359375,0.203125,0.203125,0.53125,0.15625,0.140625,0.8125,0.921875,-70.4079369928516
0.828125,0.828125,0.8125,0.796875,0.78125,0.765625,0.75,0.875,0.140625,0.15625,0.359375,0.203125,0.203125,0.53125,0.15625,0.140625,0.359375,0.40625,-42.8814457758224
0.828125,0.828125,0.8125,0.796875,0.78125,0.765625,0.75,0.875,0.140625,0.15625,0.359375,0.203125,0.203125,0.40625,0.15625,0.140625,0.765625,0.890625,80.01838427972527
0.828125,0.828125,0.8125,0.796875,0.78125,0.765625,0.75,0.875,0.140625,0.15625,0.359375,0.203125,0.203125,0.40625,0.15625,0.140625,0.765625,0.875,-43.64802020680472
0.828125,0.828125,0.8125,0.796875,0.78125,0.765625,0.75,0.875,0.140625,0.15625,0.359375,0.203125,0.203125,0.40625,0.15625,0.140625,0.359375,0.28125,-4.627686949151439
0.828125,0.828125,0.8125,0.796875,0.78125,0.765625,0.75,0.875,0.140625,0.15625,0.359375,0.203125,0.203125,0.28125,0.15625,0.140625,0.828125,0.953125,-49.083564351042085
0.828125,0.828125,0.8125,0.796875,0.78125,0.765625,0.75,0.875,0.140625,0.15625,0.359375,0.203125,0.203125,0.28125,0.15625,0.140625,0.828125,0.96875,-33.77343079704617
0.828125,0.828125,0.8125,0.796875,0.78125,0.765625,0.75,0.875,0.140625,0.15625,0.359375,0.203125,0.203125,0.28125,0.15625,0.140625,0.828125,0.9375,-65.37376990136656
0.828125,0.828125,0.8125,0.796875,0.78125,0.765625,0.75,0.875,0.140625,0.15625,0.359375,0.203125,0.203125,0.28125,0.15625,0.140625,0.359375,0.15625,-50.62384779646412
0.828125,0.828125,0.8125,0.796875,0.78125,0.765625,0.75,0.875,0.140625,0.15625,0.359375,0.203125,0.203125,0.15625,0.15625,0.140625,0.796875,0.921875,-7.640062975648448
0.828125,0.828125,0.8125,0.796875,0.78125,0.765625,0.75,0.875,0.140625,0.15625,0.359375,0.203125,0.203125,0.15625,0.15625,0.140625,0.796875,0.9375,51.94215550785762
0.828125,0.828125,0.8125,0.796875,0.78125,0.765625,0.75,0.875,0.140625,0.15625,0.359375,0.203125,0.203125,0.15625,0.15625,0.140625,0.359375,0.796875,36.0491604013193
0.828125,0.828125,0.8125,0.796875,0.78125,0.765625,0.75,0.875,0.140625,0.15625,0.359375,0.203125,0.203125,0.796875,0.15625,0.140625,0.765625,0.890625,71.6817140674728
0.828125,0.828125,0.8125,0.796875,0.78125,0.765625,0.75,0.875,0.140625,0.15625,0.359375,0.203125,0.203125,0.796875,0.15625,0.140625,0.765625,0.875,49.37262461051921
0.828125,0.828125,0.8125,0.796875,0.78125,0.765625,0.75,0.875,0.140625,0.15625,0.359375,0.203125,0.203125,0.796875,0.15625,0.140625,0.359375,0.6875,51.374720053251025
0.828125,0.828125,0.8125,0.796875,0.78125,0.765625,0.75,0.875,0.140625,0.15625,0.359375,0.203125,0.203125,0.6875,0.15625,0.140625,0.828125,0.953125,-83.53598449777871
0.828125,0.828125,0.8125,0.796875,0.78125,0.765625,0.75,0.875,0.140625,0.15625,0.359375,0.203125,0.203125,0.6875,0.15625,0.140625,0.828125,0.96875,34.285572295427
0.828125,0.828125,0.8125,0.796875,0.78125,0.765625,0.75,0.875,0.140625,0.15625,0.359375,0.203125,0.203125,0.6875,0.15625,0.140625,0.828125,0.9375,-85.06060595482337
0.828125,0.828125,0.8125,0.796875,0.78125,0.765625,0.75,0.875,0.140625,0.15625,0.359375,0.203125,0.203125,0.6875,0.15625,0.140625,0.359375,0.578125,-74.41812289824148
0.828125,0.828125,0.8125,0.796875,0.78125,0.765625,0.75,0.875,0.140625,0.15625,0.359375,0.203125,0.203125,0.578125,0.15625,0.140625,0.765625,0.890625,33.56310845645987
